typedag,dienstnummer et,type,duur,start,einde,loop,intern loopnummer,lijn,var,rit,voertuig,vertrek,vertrek plaatscode,aankomst,aankomst plaatscode,afstand,AT,VT,dienstnummer
"21/0",,"ANA","00u10","18u30","18u40",,,,,,,,,,,,"01u56","01u06","7414"
"21/0",,"ATU","00u15","13u55","14u10",,,,,,,,,,,,,,"7414"
"21/0",,"LED","00u05","14u10","14u15","Diesel",,,,,,"Garage Van Hoorebeke",,"zwmal",,,,,"7414"
"21/0",,"RIT","00u15","14u15","14u30",,,,,,,"zwmal",,"schlkleit",,,,,"7414"
"21/0",,"LED","00u15","14u30","14u45",,,,,,,"schlkleit",,"zwmal",,,,,"7414"
"21/0",,"RIT","00u15","14u45","15u00",,,,,,,"zwmal",,"schlkleit",,,,,"7414"
"21/0",,"LED","00u10","15u00","15u10",,,,,,,"schlkleit",,"Garage Van Hoorebeke",,,,,"7414"
"21/0",,"STA","01u18","15u10","16u28",,,,,,,,,,,,,,"7414"
"21/0",,"AVO","00u05","07u17","07u22",,,,,,,,,,,,"01u56","01u06","7114"
"21/0",,"LED","00u02","07u22","07u24","4506","4506U0722",,,,"standaard","Garage Van Hoorebeke",,"Maldegem Markt",,1.885,"01u56","01u06","7114"
"21/0",,"RIT","00u38","07u24","08u02","4506","4506U0722","871","01c","51","standaard","Maldegem Markt",,"Aalter Station",,17.081,"01u56","01u06","7114"
"21/0",,"LED","00u20","08u02","08u22","4506","4506U0722",,,,"standaard","Aalter Station",,"Garage Van Hoorebeke",,14.096,"01u56","01u06","7114"
"21/0",,"ONE","07u28","08u45","16u13",,,,,,,,,,,,"01u56","01u06","7114"
"21/0",,"ATU","00u15","16u13","16u28",,,,,,,,,,,,"01u56","01u06","7114"
"21/0",,"LED","00u02","16u28","16u30","4511","4511U1628",,,,"standaard","Garage Van Hoorebeke",,"Maldegem Markt",,1.885,"01u56","01u06","7114"
"21/0",,"RIT","01u18","16u30","17u48","4511","4511U1628","871","01","91","standaard","Maldegem Markt",,"Deinze Station",,35.519,"01u56","01u06","7114"
"21/0",,"LED","00u42","17u48","18u30","4511","4511U1628",,,,"standaard","Deinze Station",,"Garage Van Hoorebeke",,29.849,"01u56","01u06","7114"
"21/0",,"ANA","00u10","18u30","18u40",,,,,,,,,,,,"01u56","01u06","7114"
"21/0",,"LED","00u08","08u22","08u30","Diesel",,,,,,"Garage Van Hoorebeke",,"schdon",,,,,"7114"
"21/0",,"RIT","00u10","08u30","08u40",,,,,,,"schdon",,"zwmal",,,,,"7114"
"21/0",,"LED","00u05","08u40","08u45",,,,,,,"zwmal",,"Garage Van Hoorebeke",,,,,"7114"
"21/0",,"AVO","00u05","14u50","14u55",,,,,,,,,,,,"05u41","01u07","7216"
"21/0",,"LED","00u03","15u56","15u59","4614","4614U1556",,,,"geleed","Garage Van Hoorebeke",,"Maldegem Station",,1.387,"05u41","01u07","7216"
"21/0",,"RIT","00u35","15u59","16u34","4614","4614U1556","50","03a","741","geleed","Maldegem Station",,"Brugge Station",,17.919,"05u41","01u07","7216"
"21/0","VHO+2117","AVO","00u05","16u19","16u24",,,,,,,,,,,,"06u14","00u16","2117"
"21/0","VHO+2117","LED","00u14","16u24","16u38","4513","4513U1624",,,,"standaard","Garage Van Hoorebeke","VHO276","Eeklo Station","EEKstn",9.673,"06u14","00u16","2117"
"21/0","VHO+2117","RIT","01u00","16u38","17u38","4513","4513U1624","50","03","801","standaard","Eeklo Station","EEKstn","Brugge Station","BGGstn",28.597,"06u14","00u16","2117"
"21/0","VHO+2117","STA","00u30","17u38","18u08",,,,,,,,,,,,"06u14","00u16","2117"
"21/0","VHO+2117","RIT","00u58","18u08","19u06","4513","4513U1624","50","02","930","standaard","Brugge Station","BGGstn","Eeklo Station","EEKstn",28.902,"06u14","00u16","2117"
"21/0","VHO+2117","STA","00u02","19u06","19u08",,,,,,,,,,,,"06u14","00u16","2117"
"21/0","VHO+2117","RIT","00u37","19u08","19u45","4513","4513U1624","50","04b","932","standaard","Eeklo Station","EEKstn","Gent Sint-Pietersstation","GNTs2a",22.451,"06u14","00u16","2117"
"21/0","VHO+2117","STA","00u32","19u45","20u17",,,,,,,,,,,,"06u14","00u16","2117"
"21/0","VHO+2117","RIT","00u35","20u17","20u52","4513","4513U1624","50","01a","1021","standaard","Gent Sint Pietersstation","GNTs1a","Eeklo Station","EEKstn",22.447,"06u14","00u16","2117"
"21/0","VHO+2117","STA","00u02","20u52","20u54",,,,,,,,,,,,"06u14","00u16","2117"
"21/0","VHO+2117","RIT","00u46","20u54","21u40","4513","4513U1624","50","03","1023","standaard","Eeklo Station","EEKstn","Brugge Station","BGGstn",28.597,"06u14","00u16","2117"
"21/0","VHO+2117","STA","00u05","21u40","21u45",,,,,,,,,,,,"06u14","00u16","2117"
"21/0","VHO+2117","RIT","00u45","21u45","22u30","4513","4513U1624","50","02","1040","standaard","Brugge Station","BGGstn","Eeklo Station","EEKstn",28.902,"06u14","00u16","2117"
"21/0","VHO+2117","STA","00u02","22u30","22u32",,,,,,,,,,,,"06u14","00u16","2117"
"21/0","VHO+2117","RIT","00u35","22u32","23u07","4513","4513U1624","50","04b","1042","standaard","Eeklo Station","EEKstn","Gent Sint-Pietersstation","GNTs2a",22.451,"06u14","00u16","2117"
"21/0","VHO+2117","STA","00u22","23u07","23u29",,,,,,,,,,,,"06u14","00u16","2117"
"21/0","VHO+2117","RIT","00u58","23u29","24u27","4513","4513U1624","50","07","1081","standaard","Gent Sint Pietersstation","GNTs1a","Maldegem Markt","MDGmkt",33.707,"06u14","00u16","2117"
"21/0","VHO+2117","LED","00u02","24u27","24u29","4513","4513U1624",,,,"standaard","Maldegem Markt","MDGmkt","Garage Van Hoorebeke","VHO276",0.414,"06u14","00u16","2117"
"31/0","VHO+4112","AVO","00u05","18u36","18u41",,,,,,,,,,,,"03u29","00u44","4112"
"31/0","VHO+4112","LED","00u30","18u41","19u11","4504","4504U1841",,,,"standaard","Garage Van Hoorebeke","VHO276","Brugge Station","BGGstn",17,"03u29","00u44","4112"
"31/0","VHO+4112","RIT","00u46","19u11","19u57","4504","4504U1841","50","02","840","standaard","Brugge Station","BGGstn","Eeklo Station","EEKstn",28.903,"03u29","00u44","4112"
"31/0","VHO+4112","STA","00u02","19u57","19u59",,,,,,,,,,,,"03u29","00u44","4112"
"31/0","VHO+4112","RIT","00u37","19u59","20u36","4504","4504U1841","50","04b","842","standaard","Eeklo Station","EEKstn","Gent Sint-Pietersstation","GNTs2a",22.452,"03u29","00u44","4112"
"31/0","VHO+4112","STA","00u42","20u36","21u18",,,,,,,,,,,,"03u29","00u44","4112"
"31/0","VHO+4112","RIT","00u35","21u18","21u53","4504","4504U1841","50","01a","901","standaard","Gent Sint Pietersstation","GNTs1a","Eeklo Station","EEKstn",22.447,"03u29","00u44","4112"
"31/0","VHO+4112","STA","00u02","21u53","21u55",,,,,,,,,,,,"03u29","00u44","4112"
"31/0","VHO+4112","RIT","00u47","21u55","22u42","4504","4504U1841","50","03","903","standaard","Eeklo Station","EEKstn","Brugge Station","BGGstn",28.596,"03u29","00u44","4112"
"31/0","VHO+4112","STA","00u05","22u42","22u47",,,,,,,,,,,,"03u29","00u44","4112"
"31/0","VHO+4112","RIT","00u44","22u47","23u31","4504","4504U1841","50","02","920","standaard","Brugge Station","BGGstn","Eeklo Station","EEKstn",28.903,"03u29","00u44","4112"
"31/0","VHO+4112","LED","00u14","23u31","23u45","4504","4504U1841",,,,"standaard","Eeklo Station","EEKstn","Garage Van Hoorebeke","VHO276",9.9,"03u29","00u44","4112"
"31/0","VHO+4112","ANA","00u10","23u45","23u55",,,,,,,,,,,,"03u29","00u44","4112"
"31/0","VHO+4111","AVO","00u05","17u18","17u23",,,,,,,,,,,,"03u58","00u42","4111"
"31/0","VHO+4111","LED","00u14","17u23","17u37","4503","4503U1723",,,,"standaard","Garage Van Hoorebeke","VHO276","Eeklo Station","EEKstn",9.673,"03u58","00u42","4111"
"31/0","VHO+4111","RIT","00u40","17u37","18u17","4503","4503U1723","50","04b","692","standaard","Eeklo Station","EEKstn","Gent Sint-Pietersstation","GNTs2a",22.452,"03u58","00u42","4111"
"31/0","VHO+4111","STA","00u40","18u17","18u57",,,,,,,,,,,,"03u58","00u42","4111"
"31/0","VHO+4111","RIT","00u59","18u57","19u56","4503","4503U1723","50","07","811","standaard","Gent Sint Pietersstation","GNTs1a","Maldegem Markt","MDGmkt",33.707,"03u58","00u42","4111"
"31/0","VHO+4111","LED","00u26","19u56","20u22","4503","4503U1723",,,,"standaard","Maldegem Markt","MDGmkt","Brugge Station","BGGstn",17.547,"03u58","00u42","4111"
"31/0","VHO+4111","STA","00u20","20u22","20u42",,,,,,,,,,,,"03u58","00u42","4111"
"31/0","VHO+4111","RIT","00u44","20u42","21u26","4503","4503U1723","50","02","880","standaard","Brugge Station","BGGstn","Eeklo Station","EEKstn",28.903,"03u58","00u42","4111"
"31/0","VHO+4111","STA","00u02","21u26","21u28",,,,,,,,,,,,"03u58","00u42","4111"
"31/0","VHO+4111","RIT","00u36","21u28","22u04","4503","4503U1723","50","04b","882","standaard","Eeklo Station","EEKstn","Gent Sint-Pietersstation","GNTs2a",22.452,"03u58","00u42","4111"
"31/0","VHO+4111","STA","01u14","22u04","23u18",,,,,,,,,,,,"03u58","00u42","4111"
"31/0","VHO+4111","RIT","00u59","23u18","24u17","4503","4503U1723","50","07","941","standaard","Gent Sint Pietersstation","GNTs1a","Maldegem Markt","MDGmkt",33.707,"03u58","00u42","4111"
"31/0","VHO+4111","LED","00u02","24u17","24u19","4503","4503U1723",,,,"standaard","Maldegem Markt","MDGmkt","Garage Van Hoorebeke","VHO276",0.414,"03u58","00u42","4111"
"31/0","VHO+4111","ANA","00u10","24u19","24u29",,,,,,,,,,,,"03u58","00u42","4111"
"31/0","VHO+4110","AVO","00u05","16u32","16u37",,,,,,,,,,,,"05u15","00u32","4110"
"31/0","VHO+4110","LED","00u30","16u37","17u07","4502","4502U1637",,,,"standaard","Garage Van Hoorebeke","VHO276","Brugge Station","BGGstn",17,"05u15","00u32","4110"
"31/0","VHO+4110","RIT","00u54","17u07","18u01","4502","4502U1637","50","02","720","standaard","Brugge Station","BGGstn","Eeklo Station","EEKstn",28.903,"05u15","00u32","4110"
"31/0","VHO+4110","STA","00u02","18u01","18u03",,,,,,,,,,,,"05u15","00u32","4110"
"31/0","VHO+4110","RIT","00u40","18u03","18u43","4502","4502U1637","50","04b","722","standaard","Eeklo Station","EEKstn","Gent Sint-Pietersstation","GNTs2a",22.452,"05u15","00u32","4110"
"31/0","VHO+4110","STA","00u35","18u43","19u18",,,,,,,,,,,,"05u15","00u32","4110"
"31/0","VHO+4110","RIT","00u35","19u18","19u53","4502","4502U1637","50","01a","841","standaard","Gent Sint Pietersstation","GNTs1a","Eeklo Station","EEKstn",22.447,"05u15","00u32","4110"
"31/0","VHO+4110","STA","00u02","19u53","19u55",,,,,,,,,,,,"05u15","00u32","4110"
"31/0","VHO+4110","RIT","00u47","19u55","20u42","4502","4502U1637","50","03","843","standaard","Eeklo Station","EEKstn","Brugge Station","BGGstn",28.596,"05u15","00u32","4110"
"31/0","VHO+4110","STA","01u00","20u42","21u42",,,,,,,,,,,,"05u15","00u32","4110"
"31/0","VHO+4110","RIT","00u44","21u42","22u26","4502","4502U1637","50","02","900","standaard","Brugge Station","BGGstn","Eeklo Station","EEKstn",28.903,"05u15","00u32","4110"
"31/0","VHO+4110","STA","00u02","22u26","22u28",,,,,,,,,,,,"05u15","00u32","4110"
"31/0","VHO+4110","RIT","00u36","22u28","23u04","4502","4502U1637","50","04b","902","standaard","Eeklo Station","EEKstn","Gent Sint-Pietersstation","GNTs2a",22.452,"05u15","00u32","4110"
"31/0","VHO+4110","STA","01u14","23u04","24u18",,,,,,,,,,,,"05u15","00u32","4110"
"31/0","VHO+4110","RIT","00u59","24u18","25u17","4502","4502U1637","50","07","961","standaard","Gent Sint Pietersstation","GNTs1a","Maldegem Markt","MDGmkt",33.707,"05u15","00u32","4110"
"31/0","VHO+4110","LED","00u02","25u17","25u19","4502","4502U1637",,,,"standaard","Maldegem Markt","MDGmkt","Garage Van Hoorebeke","VHO276",0.414,"05u15","00u32","4110"
"31/0","VHO+4110","ANA","00u10","25u19","25u29",,,,,,,,,,,,"05u15","00u32","4110"
"31/0","VHO+4109","AVO","00u05","13u06","13u11",,,,,,,,,,,,"05u38","00u32","4109"
"31/0","VHO+4109","LED","00u30","13u11","13u41","4607","4607U1311",,,,"geleed","Garage Van Hoorebeke","VHO276","Brugge Station","BGGstn",17,"05u38","00u32","4109"
"31/0","VHO+4109","RIT","00u51","13u41","14u32","4607","4607U1311","50","02","500","geleed","Brugge Station","BGGstn","Eeklo Station","EEKstn",28.903,"05u38","00u32","4109"
"31/0","VHO+4109","STA","00u02","14u32","14u34",,,,,,,,,,,,"05u38","00u32","4109"
"31/0","VHO+4109","RIT","00u40","14u34","15u14","4607","4607U1311","50","04b","502","geleed","Eeklo Station","EEKstn","Gent Sint-Pietersstation","GNTs2a",22.452,"05u38","00u32","4109"
"31/0","VHO+4109","STA","00u30","15u14","15u44",,,,,,,,,,,,"05u38","00u32","4109"
"31/0","VHO+4109","RIT","00u40","15u44","16u24","4607","4607U1311","50","01a","621","geleed","Gent Sint Pietersstation","GNTs1a","Eeklo Station","EEKstn",22.447,"05u38","00u32","4109"
"31/0","VHO+4109","STA","00u02","16u24","16u26",,,,,,,,,,,,"05u38","00u32","4109"
"31/0","VHO+4109","RIT","00u55","16u26","17u21","4607","4607U1311","50","03","623","geleed","Eeklo Station","EEKstn","Brugge Station","BGGstn",28.596,"05u38","00u32","4109"
"31/0","VHO+4109","STA","00u18","17u21","17u39",,,,,,,,,,,,"05u38","00u32","4109"
"31/0","VHO+4109","RIT","00u54","17u39","18u33","4607","4607U1311","50","02","750","geleed","Brugge Station","BGGstn","Eeklo Station","EEKstn",28.903,"05u38","00u32","4109"
"31/0","VHO+4109","STA","00u02","18u33","18u35",,,,,,,,,,,,"05u38","00u32","4109"
"31/0","VHO+4109","RIT","00u39","18u35","19u14","4607","4607U1311","50","04b","752","geleed","Eeklo Station","EEKstn","Gent Sint-Pietersstation","GNTs2a",22.452,"05u38","00u32","4109"
"31/0","VHO+4109","STA","00u40","19u14","19u54",,,,,,,,,,,,"05u38","00u32","4109"
"31/0","VHO+4109","RIT","00u59","19u54","20u53","4607","4607U1311","50","07","861","geleed","Gent Sint Pietersstation","GNTs1a","Maldegem Markt","MDGmkt",33.707,"05u38","00u32","4109"
"31/0","VHO+4109","LED","00u02","20u53","20u55","4607","4607U1311",,,,"geleed","Maldegem Markt","MDGmkt","Garage Van Hoorebeke","VHO276",0.414,"05u38","00u32","4109"
"31/0","VHO+4109","ANA","00u10","20u55","21u05",,,,,,,,,,,,"05u38","00u32","4109"
"31/0","VHO+4108","AVO","00u05","12u40","12u45",,,,,,,,,,,,"04u20","01u04","4108"
"31/0","VHO+4108","LED","00u14","12u45","12u59","4606","4606U1245",,,,"geleed","Garage Van Hoorebeke","VHO276","Eeklo Station","EEKstn",9.673,"04u20","01u04","4108"
"31/0","VHO+4108","RIT","00u52","12u59","13u51","4606","4606U1245","50","03","413","geleed","Eeklo Station","EEKstn","Brugge Station","BGGstn",28.596,"04u20","01u04","4108"
"31/0","VHO+4108","STA","00u20","13u51","14u11",,,,,,,,,,,,"04u20","01u04","4108"
"31/0","VHO+4108","RIT","00u51","14u11","15u02","4606","4606U1245","50","02","530","geleed","Brugge Station","BGGstn","Eeklo Station","EEKstn",28.903,"04u20","01u04","4108"
"31/0","VHO+4108","STA","00u02","15u02","15u04",,,,,,,,,,,,"04u20","01u04","4108"
"31/0","VHO+4108","RIT","00u40","15u04","15u44","4606","4606U1245","50","04b","532","geleed","Eeklo Station","EEKstn","Gent Sint-Pietersstation","GNTs2a",22.452,"04u20","01u04","4108"
"31/0","VHO+4108","LED","00u11","15u44","15u55","4606","4606U1245",,,,"geleed","Gent Sint-Pietersstation","GNTs2a","Zwijnaarde TP Civiele Techniek","ZWNtpc",4.772,"04u20","01u04","4108"
"31/0","VHO+4108","STA","00u35","15u55","16u30",,,,,,,,,,,,"04u20","01u04","4108"
"31/0","VHO+4108","RIT","00u11","16u30","16u41","4606","4606U1245","50","01b","671","geleed","Zwijnaarde TP Civiele Techniek","ZWNtpc","Gent Sint Pietersstation","GNTs1a",4.295,"04u20","01u04","4108"
"31/0","VHO+4108","LED","00u09","16u41","16u50","4606","4606U1245",,,,"geleed","Gent Sint Pietersstation","GNTs1a","Zwijnaarde TP Civiele Techniek","ZWNtpc",4.02,"04u20","01u04","4108"
"31/0","VHO+4108","STA","00u14","16u50","17u04",,,,,,,,,,,,"04u20","01u04","4108"
"31/0","VHO+4108","RIT","00u52","17u04","17u56","4606","4606U1245","50","01","711","geleed","Zwijnaarde TP Civiele Techniek","ZWNtpc","Eeklo Station","EEKstn",26.741,"04u20","01u04","4108"
"31/0","VHO+4108","STA","00u02","17u56","17u58",,,,,,,,,,,,"04u20","01u04","4108"
"31/0","VHO+4108","RIT","00u54","17u58","18u52","4606","4606U1245","50","03","713","geleed","Eeklo Station","EEKstn","Brugge Station","BGGstn",28.596,"04u20","01u04","4108"
"31/0","VHO+4108","LED","00u30","18u52","19u22","4606","4606U1245",,,,"geleed","Brugge Station","BGGstn","Garage Van Hoorebeke","VHO276",17,"04u20","01u04","4108"
"31/0","VHO+4108","ANA","00u10","19u22","19u32",,,,,,,,,,,,"04u20","01u04","4108"
"31/0","VHO+4107","AVO","00u05","12u34","12u39",,,,,,,,,,,,"04u42","01u22","4107"
"31/0","VHO+4107","LED","00u41","12u39","13u20","4501","4501U1239",,,,"standaard","Garage Van Hoorebeke","VHO276","Gent Sint Pietersstation","GNTs1a",30.075,"04u42","01u22","4107"
"31/0","VHO+4107","RIT","00u38","13u20","13u58","4501","4501U1239","50","01a","471","standaard","Gent Sint Pietersstation","GNTs1a","Eeklo Station","EEKstn",22.447,"04u42","01u22","4107"
"31/0","VHO+4107","STA","00u02","13u58","14u00",,,,,,,,,,,,"04u42","01u22","4107"
"31/0","VHO+4107","RIT","00u52","14u00","14u52","4501","4501U1239","50","03","473","standaard","Eeklo Station","EEKstn","Brugge Station","BGGstn",28.596,"04u42","01u22","4107"
"31/0","VHO+4107","STA","00u20","14u52","15u12",,,,,,,,,,,,"04u42","01u22","4107"
"31/0","VHO+4107","RIT","00u51","15u12","16u03","4501","4501U1239","50","02","600","standaard","Brugge Station","BGGstn","Eeklo Station","EEKstn",28.903,"04u42","01u22","4107"
"31/0","VHO+4107","STA","00u02","16u03","16u05",,,,,,,,,,,,"04u42","01u22","4107"
"31/0","VHO+4107","RIT","00u40","16u05","16u45","4501","4501U1239","50","04b","602","standaard","Eeklo Station","EEKstn","Gent Sint-Pietersstation","GNTs2a",22.452,"04u42","01u22","4107"
"31/0","VHO+4107","LED","00u11","16u45","16u56","4501","4501U1239",,,,"standaard","Gent Sint-Pietersstation","GNTs2a","Zwijnaarde TP Civiele Techniek","ZWNtpc",4.772,"04u42","01u22","4107"
"31/0","VHO+4107","STA","00u42","16u56","17u38",,,,,,,,,,,,"04u42","01u22","4107"
"31/0","VHO+4107","RIT","00u52","17u38","18u30","4501","4501U1239","50","01","741","standaard","Zwijnaarde TP Civiele Techniek","ZWNtpc","Eeklo Station","EEKstn",26.741,"04u42","01u22","4107"
"31/0","VHO+4107","STA","00u02","18u30","18u32",,,,,,,,,,,,"04u42","01u22","4107"
"31/0","VHO+4107","RIT","00u49","18u32","19u21","4501","4501U1239","50","03","743","standaard","Eeklo Station","EEKstn","Brugge Station","BGGstn",28.596,"04u42","01u22","4107"
"31/0","VHO+4107","LED","00u30","19u21","19u51","4501","4501U1239",,,,"standaard","Brugge Station","BGGstn","Garage Van Hoorebeke","VHO276",17,"04u42","01u22","4107"
"31/0","VHO+4107","ANA","00u10","19u51","20u01",,,,,,,,,,,,"04u42","01u22","4107"
"31/0","VHO+4106","AVO","00u05","12u07","12u12",,,,,,,,,,,,"03u57","00u44","4106"
"31/0","VHO+4106","LED","00u30","12u12","12u42","4605","4605U1212",,,,"geleed","Garage Van Hoorebeke","VHO276","Brugge Station","BGGstn",17,"03u57","00u44","4106"
"31/0","VHO+4106","RIT","00u51","12u42","13u33","4605","4605U1212","50","02","440","geleed","Brugge Station","BGGstn","Eeklo Station","EEKstn",28.903,"03u57","00u44","4106"
"31/0","VHO+4106","STA","00u02","13u33","13u35",,,,,,,,,,,,"03u57","00u44","4106"
"31/0","VHO+4106","RIT","00u40","13u35","14u15","4605","4605U1212","50","04b","442","geleed","Eeklo Station","EEKstn","Gent Sint-Pietersstation","GNTs2a",22.452,"03u57","00u44","4106"
"31/0","VHO+4106","STA","00u33","14u15","14u48",,,,,,,,,,,,"03u57","00u44","4106"
"31/0","VHO+4106","RIT","00u38","14u48","15u26","4605","4605U1212","50","01a","551","geleed","Gent Sint Pietersstation","GNTs1a","Eeklo Station","EEKstn",22.447,"03u57","00u44","4106"
"31/0","VHO+4106","STA","00u02","15u26","15u28",,,,,,,,,,,,"03u57","00u44","4106"
"31/0","VHO+4106","RIT","00u54","15u28","16u22","4605","4605U1212","50","03","553","geleed","Eeklo Station","EEKstn","Brugge Station","BGGstn",28.596,"03u57","00u44","4106"
"31/0","VHO+4106","STA","00u19","16u22","16u41",,,,,,,,,,,,"03u57","00u44","4106"
"31/0","VHO+4106","RIT","00u54","16u41","17u35","4605","4605U1212","50","02","690","geleed","Brugge Station","BGGstn","Eeklo Station","EEKstn",28.903,"03u57","00u44","4106"
"31/0","VHO+4106","LED","00u14","17u35","17u49","4605","4605U1212",,,,"geleed","Eeklo Station","EEKstn","Garage Van Hoorebeke","VHO276",9.9,"03u57","00u44","4106"
"31/0","VHO+4106","ANA","00u10","17u49","17u59",,,,,,,,,,,,"03u57","00u44","4106"
"31/0","VHO+4105","AVO","00u05","11u36","11u41",,,,,,,,,,,,"06u03","01u00","4105"
"31/0","VHO+4105","LED","00u30","11u41","12u11","4604","4604U1141",,,,"geleed","Garage Van Hoorebeke","VHO276","Brugge Station","BGGstn",17,"06u03","01u00","4105"
"31/0","VHO+4105","RIT","00u51","12u11","13u02","4604","4604U1141","50","02","410","geleed","Brugge Station","BGGstn","Eeklo Station","EEKstn",28.903,"06u03","01u00","4105"
"31/0","VHO+4105","STA","00u02","13u02","13u04",,,,,,,,,,,,"06u03","01u00","4105"
"31/0","VHO+4105","RIT","00u40","13u04","13u44","4604","4604U1141","50","04b","412","geleed","Eeklo Station","EEKstn","Gent Sint-Pietersstation","GNTs2a",22.452,"06u03","01u00","4105"
"31/0","VHO+4105","STA","00u34","13u44","14u18",,,,,,,,,,,,"06u03","01u00","4105"
"31/0","VHO+4105","RIT","00u38","14u18","14u56","4604","4604U1141","50","01a","531","geleed","Gent Sint Pietersstation","GNTs1a","Eeklo Station","EEKstn",22.447,"06u03","01u00","4105"
"31/0","VHO+4105","STA","00u02","14u56","14u58",,,,,,,,,,,,"06u03","01u00","4105"
"31/0","VHO+4105","RIT","00u53","14u58","15u51","4604","4604U1141","50","03","533","geleed","Eeklo Station","EEKstn","Brugge Station","BGGstn",28.596,"06u03","01u00","4105"
"31/0","VHO+4105","STA","00u20","15u51","16u11",,,,,,,,,,,,"06u03","01u00","4105"
"31/0","VHO+4105","RIT","00u54","16u11","17u05","4604","4604U1141","50","02","660","geleed","Brugge Station","BGGstn","Eeklo Station","EEKstn",28.903,"06u03","01u00","4105"
"31/0","VHO+4105","STA","00u02","17u05","17u07",,,,,,,,,,,,"06u03","01u00","4105"
"31/0","VHO+4105","RIT","00u40","17u07","17u47","4604","4604U1141","50","04b","662","geleed","Eeklo Station","EEKstn","Gent Sint-Pietersstation","GNTs2a",22.452,"06u03","01u00","4105"
"31/0","VHO+4105","STA","00u30","17u47","18u17",,,,,,,,,,,,"06u03","01u00","4105"
"31/0","VHO+4105","RIT","00u40","18u17","18u57","4604","4604U1141","50","01a","781","geleed","Gent Sint Pietersstation","GNTs1a","Eeklo Station","EEKstn",22.447,"06u03","01u00","4105"
"31/0","VHO+4105","STA","00u02","18u57","18u59",,,,,,,,,,,,"06u03","01u00","4105"
"31/0","VHO+4105","RIT","00u47","18u59","19u46","4604","4604U1141","50","03","783","geleed","Eeklo Station","EEKstn","Brugge Station","BGGstn",28.596,"06u03","01u00","4105"
"31/0","VHO+4105","LED","00u30","19u46","20u16","4604","4604U1141",,,,"geleed","Brugge Station","BGGstn","Garage Van Hoorebeke","VHO276",17,"06u03","01u00","4105"
"31/0","VHO+4105","ANA","00u10","20u16","20u26",,,,,,,,,,,,"06u03","01u00","4105"
"31/0","VHO+4104","AVO","00u05","08u36","08u41",,,,,,,,,,,,"06u05","01u00","4104"
"31/0","VHO+4104","LED","00u30","08u41","09u11","4603","4603U0841",,,,"geleed","Garage Van Hoorebeke","VHO276","Brugge Station","BGGstn",17,"06u05","01u00","4104"
"31/0","VHO+4104","RIT","00u51","09u11","10u02","4603","4603U0841","50","02","230","geleed","Brugge Station","BGGstn","Eeklo Station","EEKstn",28.903,"06u05","01u00","4104"
"31/0","VHO+4104","STA","00u02","10u02","10u04",,,,,,,,,,,,"06u05","01u00","4104"
"31/0","VHO+4104","RIT","00u40","10u04","10u44","4603","4603U0841","50","04b","232","geleed","Eeklo Station","EEKstn","Gent Sint-Pietersstation","GNTs2a",22.452,"06u05","01u00","4104"
"31/0","VHO+4104","STA","00u35","10u44","11u19",,,,,,,,,,,,"06u05","01u00","4104"
"31/0","VHO+4104","RIT","00u38","11u19","11u57","4603","4603U0841","50","01a","351","geleed","Gent Sint Pietersstation","GNTs1a","Eeklo Station","EEKstn",22.447,"06u05","01u00","4104"
"31/0","VHO+4104","STA","00u02","11u57","11u59",,,,,,,,,,,,"06u05","01u00","4104"
"31/0","VHO+4104","RIT","00u52","11u59","12u51","4603","4603U0841","50","03","353","geleed","Eeklo Station","EEKstn","Brugge Station","BGGstn",28.596,"06u05","01u00","4104"
"31/0","VHO+4104","STA","00u20","12u51","13u11",,,,,,,,,,,,"06u05","01u00","4104"
"31/0","VHO+4104","RIT","00u51","13u11","14u02","4603","4603U0841","50","02","470","geleed","Brugge Station","BGGstn","Eeklo Station","EEKstn",28.903,"06u05","01u00","4104"
"31/0","VHO+4104","STA","00u02","14u02","14u04",,,,,,,,,,,,"06u05","01u00","4104"
"31/0","VHO+4104","RIT","00u40","14u04","14u44","4603","4603U0841","50","04b","472","geleed","Eeklo Station","EEKstn","Gent Sint-Pietersstation","GNTs2a",22.452,"06u05","01u00","4104"
"31/0","VHO+4104","STA","00u32","14u44","15u16",,,,,,,,,,,,"06u05","01u00","4104"
"31/0","VHO+4104","RIT","00u38","15u16","15u54","4603","4603U0841","50","01a","581","geleed","Gent Sint Pietersstation","GNTs1a","Eeklo Station","EEKstn",22.447,"06u05","01u00","4104"
"31/0","VHO+4104","STA","00u02","15u54","15u56",,,,,,,,,,,,"06u05","01u00","4104"
"31/0","VHO+4104","RIT","00u55","15u56","16u51","4603","4603U0841","50","03","583","geleed","Eeklo Station","EEKstn","Brugge Station","BGGstn",28.596,"06u05","01u00","4104"
"31/0","VHO+4104","LED","00u30","16u51","17u21","4603","4603U0841",,,,"geleed","Brugge Station","BGGstn","Garage Van Hoorebeke","VHO276",17,"06u05","01u00","4104"
"31/0","VHO+4104","ANA","00u10","17u21","17u31",,,,,,,,,,,,"06u05","01u00","4104"
"31/0","VHO+4103","AVO","00u05","05u06","05u11",,,,,,,,,,,,"05u01","00u44","4103"
"31/0","VHO+4103","LED","00u30","05u11","05u41","4602","4602U0511",,,,"geleed","Garage Van Hoorebeke","VHO276","Brugge Station","BGGstn",17,"05u01","00u44","4103"
"31/0","VHO+4103","RIT","00u44","05u41","06u25","4602","4602U0511","50","02","40","geleed","Brugge Station","BGGstn","Eeklo Station","EEKstn",28.903,"05u01","00u44","4103"
"31/0","VHO+4103","STA","00u02","06u25","06u27",,,,,,,,,,,,"05u01","00u44","4103"
"31/0","VHO+4103","RIT","00u36","06u27","07u03","4602","4602U0511","50","04b","42","geleed","Eeklo Station","EEKstn","Gent Sint-Pietersstation","GNTs2a",22.452,"05u01","00u44","4103"
"31/0","VHO+4103","STA","00u44","07u03","07u47",,,,,,,,,,,,"05u01","00u44","4103"
"31/0","VHO+4103","RIT","00u40","07u47","08u27","4602","4602U0511","50","01a","131","geleed","Gent Sint Pietersstation","GNTs1a","Eeklo Station","EEKstn",22.447,"05u01","00u44","4103"
"31/0","VHO+4103","STA","00u02","08u27","08u29",,,,,,,,,,,,"05u01","00u44","4103"
"31/0","VHO+4103","RIT","00u52","08u29","09u21","4602","4602U0511","50","03","133","geleed","Eeklo Station","EEKstn","Brugge Station","BGGstn",28.596,"05u01","00u44","4103"
"31/0","VHO+4103","STA","00u50","09u21","10u11",,,,,,,,,,,,"05u01","00u44","4103"
"21/0","VHO+2117","ANA","00u10","24u29","24u39",,,,,,,,,,,,"06u14","00u16","2117"
"21/0","VHO+2116","AVO","00u05","15u51","15u56",,,,,,,,,,,,"05u41","01u07","2116"
"21/0","VHO+2116","LED","00u03","15u56","15u59","4614","4614U1556",,,,"geleed","Garage Van Hoorebeke","VHO276","Maldegem Station","MDGstn",1.387,"05u41","01u07","2116"
"21/0","VHO+2116","RIT","00u35","15u59","16u34","4614","4614U1556","50","03a","741","geleed","Maldegem Station","MDGstn","Brugge Station","BGGstn",17.919,"05u41","01u07","2116"
"21/0","VHO+2116","STA","00u21","16u34","16u55",,,,,,,,,,,,"05u41","01u07","2116"
"21/0","VHO+2116","RIT","00u35","16u55","17u30","4614","4614U1556","50","02a","810","geleed","Brugge Station","BGGstn","Maldegem Station","MDGstn",17.863,"05u41","01u07","2116"
"21/0","VHO+2116","LED","00u25","17u30","17u55","4614","4614U1556",,,,"geleed","Maldegem Station","MDGstn","Brugge Station","BGGstn",18.245,"05u41","01u07","2116"
"21/0","VHO+2116","STA","00u46","17u55","18u41",,,,,,,,,,,,"05u41","01u07","2116"
"21/0","VHO+2116","RIT","00u51","18u41","19u32","4614","4614U1556","50","02","960","geleed","Brugge Station","BGGstn","Eeklo Station","EEKstn",28.902,"05u41","01u07","2116"
"21/0","VHO+2116","STA","00u02","19u32","19u34",,,,,,,,,,,,"05u41","01u07","2116"
"21/0","VHO+2116","RIT","00u36","19u34","20u10","4614","4614U1556","50","04b","962","geleed","Eeklo Station","EEKstn","Gent Sint-Pietersstation","GNTs2a",22.451,"05u41","01u07","2116"
"21/0","VHO+2116","STA","01u13","20u10","21u23",,,,,,,,,,,,"05u41","01u07","2116"
"21/0","VHO+2116","RIT","00u35","21u23","21u58","4614","4614U1556","50","01a","1041","geleed","Gent Sint Pietersstation","GNTs1a","Eeklo Station","EEKstn",22.447,"05u41","01u07","2116"
"21/0","VHO+2116","STA","00u02","21u58","22u00",,,,,,,,,,,,"05u41","01u07","2116"
"21/0","VHO+2116","RIT","00u46","22u00","22u46","4614","4614U1556","50","03","1043","geleed","Eeklo Station","EEKstn","Brugge Station","BGGstn",28.597,"05u41","01u07","2116"
"21/0","VHO+2116","STA","00u06","22u46","22u52",,,,,,,,,,,,"05u41","01u07","2116"
"21/0","VHO+2116","RIT","00u45","22u52","23u37","4614","4614U1556","50","02","1060","geleed","Brugge Station","BGGstn","Eeklo Station","EEKstn",28.902,"05u41","01u07","2116"
"21/0","VHO+2116","LED","00u37","23u37","24u14","4614","4614U1556",,,,"geleed","Eeklo Station","EEKstn","Gent Sint Pietersstation","GNTs1a",20.518,"05u41","01u07","2116"
"21/0","VHO+2116","STA","00u06","24u14","24u20",,,,,,,,,,,,"05u41","01u07","2116"
"21/0","VHO+2116","RIT","00u58","24u20","25u18","4614","4614U1556","50","07","1111","geleed","Gent Sint Pietersstation","GNTs1a","Maldegem Markt","MDGmkt",33.707,"05u41","01u07","2116"
"21/0","VHO+2116","LED","00u02","25u18","25u20","4614","4614U1556",,,,"geleed","Maldegem Markt","MDGmkt","Garage Van Hoorebeke","VHO276",0.414,"05u41","01u07","2116"
"21/0","VHO+2116","ANA","00u10","25u20","25u30",,,,,,,,,,,,"05u41","01u07","2116"
"21/0","VHO+2115","AVO","00u05","07u03","07u08",,,,,,,,,,,,"04u29","02u16","2115"
"21/0","VHO+2115","LED","00u02","07u08","07u10","4505","4505U0708",,,,"standaard","Garage Van Hoorebeke","VHO276","Maldegem Markt","MDGmkt",1.885,"04u29","02u16","2115"
"21/0","VHO+2115","RIT","00u28","07u10","07u38","4505","4505U0708","87","01","11","standaard","Maldegem Markt","MDGmkt","Aalter Station","AATstn",14.552,"04u29","02u16","2115"
"21/0","VHO+2115","LED","00u09","07u38","07u47","4505","4505U0708",,,,"standaard","Aalter Station","AATstn","Lotenhulle Guldensporenplein","LOHgul",6.243,"04u29","02u16","2115"
"21/0","VHO+2115","STA","00u11","07u47","07u58",,,,,,,,,,,,"04u29","02u16","2115"
"21/0","VHO+2115","RIT","00u16","07u58","08u14","4505","4505U0708","871","02d","90","standaard","Lotenhulle Guldensporenplein","LOHgul","Aalter Station","AATstn",7.059,"04u29","02u16","2115"
"21/0","VHO+2115","LED","00u20","08u14","08u34","4505","4505U0708",,,,"standaard","Aalter Station","AATstn","Garage Van Hoorebeke","VHO276",14.096,"04u29","02u16","2115"
"21/0","VHO+2115","ONE","06u20","08u38","14u58",,,,,,,,,,,,"04u29","02u16","2115"
"21/0","VHO+2115","ATU","00u15","14u58","15u13",,,,,,,,,,,,"04u29","02u16","2115"
"21/0","VHO+2115","LED","00u35","15u13","15u48","4510","4510U1513",,,,"standaard","Garage Van Hoorebeke","VHO276","Tielt Station","TLTstn",31,"04u29","02u16","2115"
"21/0","VHO+2115","RIT","00u36","15u48","16u24","4510","4510U1513","884","02","110","standaard","Tielt Station","TLTstn","Aalter Station","AATstn",17.861,"04u29","02u16","2115"
"21/0","VHO+2115","STA","00u05","16u24","16u29",,,,,,,,,,,,"04u29","02u16","2115"
"21/0","VHO+2115","RIT","00u36","16u29","17u05","4510","4510U1513","884","01","121","standaard","Aalter Station","AATstn","Tielt Station","TLTstn",18.386,"04u29","02u16","2115"
"21/0","VHO+2115","STA","00u04","17u05","17u09",,,,,,,,,,,,"04u29","02u16","2115"
"21/0","VHO+2115","RIT","00u49","17u09","17u58","4510","4510U1513","883","02","140","standaard","Tielt Station","TLTstn","Aalter Station","AATstn",24.478,"04u29","02u16","2115"
"21/0","VHO+2113","ONE","03u05","08u51","11u56",,,,,,,,,,,,"04u00","01u55","2113"
"21/0","VHO+2113","ATU","00u15","11u56","12u11",,,,,,,,,,,,"04u00","01u55","2113"
"21/0","VHO+2113","LED","00u30","12u11","12u41","4609","4609U1211",,,,"geleed","Garage Van Hoorebeke","VHO276","Brugge Station","BGGstn",17,"04u00","01u55","2113"
"21/0","VHO+2113","RIT","00u53","12u41","13u34","4609","4609U1211","50","02","510","geleed","Brugge Station","BGGstn","Eeklo Station","EEKstn",28.902,"04u00","01u55","2113"
"21/0","VHO+2113","STA","00u02","13u34","13u36",,,,,,,,,,,,"04u00","01u55","2113"
"21/0","VHO+2113","RIT","00u40","13u36","14u16","4609","4609U1211","50","04b","512","geleed","Eeklo Station","EEKstn","Gent Sint-Pietersstation","GNTs2a",22.451,"04u00","01u55","2113"
"21/0","VHO+2113","LED","00u45","14u16","15u01","4609","4609U1211",,,,"geleed","Gent Sint-Pietersstation","GNTs2a","Maldegem Markt","MDGmkt",30.534,"04u00","01u55","2113"
"21/0","VHO+2113","STA","00u37","15u01","15u38",,,,,,,,,,,,"04u00","01u55","2113"
"21/0","VHO+2113","RIT","01u18","15u38","16u56","4609","4609U1211","871","01","71","geleed","Maldegem Markt","MDGmkt","Deinze Station","DEIstn",35.519,"04u00","01u55","2113"
"21/0","VHO+2113","STA","00u04","16u56","17u00",,,,,,,,,,,,"04u00","01u55","2113"
"21/0","VHO+2113","RIT","00u35","17u00","17u35","4609","4609U1211","871","02c","80","geleed","Deinze Station","DEIstn","Aalter Station","AATstn",17.869,"04u00","01u55","2113"
"21/0","VHO+2113","LED","00u20","17u35","17u55","4609","4609U1211",,,,"geleed","Aalter Station","AATstn","Garage Van Hoorebeke","VHO276",14.096,"04u00","01u55","2113"
"21/0","VHO+2113","ANA","00u10","17u55","18u05",,,,,,,,,,,,"04u00","01u55","2113"
"21/0","VHO+2112","AVO","00u05","06u53","06u58",,,,,,,,,,,,"04u13","01u58","2112"
"21/0","VHO+2112","LED","00u02","06u58","07u00","4502","4502U0658",,,,"standaard","Garage Van Hoorebeke","VHO276","Maldegem Markt","MDGmkt",1.885,"04u13","01u58","2112"
"21/0","VHO+2112","RIT","00u37","07u00","07u37","4502","4502U0658","871","01c","21","standaard","Maldegem Markt","MDGmkt","Aalter Station","AATstn",17.081,"04u13","01u58","2112"
"21/0","VHO+2112","STA","00u03","07u37","07u40",,,,,,,,,,,,"04u13","01u58","2112"
"21/0","VHO+2112","RIT","00u26","07u40","08u06","4502","4502U0658","87","M02","10","standaard","Aalter Station","AATstn","Maldegem Markt","MDGmkt",15.327,"04u13","01u58","2112"
"21/0","VHO+2112","STA","00u02","08u06","08u08",,,,,,,,,,,,"04u13","01u58","2112"
"21/0","VHO+2112","RIT","00u29","08u08","08u37","4502","4502U0658","87","01","21","standaard","Maldegem Markt","MDGmkt","Aalter Station","AATstn",14.552,"04u13","01u58","2112"
"21/0","VHO+2112","LED","00u20","08u37","08u57","4502","4502U0658",,,,"standaard","Aalter Station","AATstn","Garage Van Hoorebeke","VHO276",14.096,"04u13","01u58","2112"
"21/0","VHO+2112","ONE","03u29","08u57","12u26",,,,,,,,,,,,"04u13","01u58","2112"
"21/0","VHO+2112","ATU","00u15","12u26","12u41",,,,,,,,,,,,"04u13","01u58","2112"
"21/0","VHO+2112","LED","00u30","12u41","13u11","4508","4508U1241",,,,"standaard","Garage Van Hoorebeke","VHO276","Brugge Station","BGGstn",17,"04u13","01u58","2112"
"21/0","VHO+2112","RIT","00u53","13u11","14u04","4508","4508U1241","50","02","550","standaard","Brugge Station","BGGstn","Eeklo Station","EEKstn",28.902,"04u13","01u58","2112"
"21/0","VHO+2112","STA","00u02","14u04","14u06",,,,,,,,,,,,"04u13","01u58","2112"
"21/0","VHO+2112","RIT","00u40","14u06","14u46","4508","4508U1241","50","04b","552","standaard","Eeklo Station","EEKstn","Gent Sint-Pietersstation","GNTs2a",22.451,"04u13","01u58","2112"
"21/0","VHO+2112","LED","00u25","14u46","15u11","4508","4508U1241",,,,"standaard","Gent Sint-Pietersstation","GNTs2a","Aalter Station","AATstn",23.738,"04u13","01u58","2112"
"21/0","VHO+2112","STA","00u44","15u11","15u55",,,,,,,,,,,,"04u13","01u58","2112"
"21/0","VHO+2112","RIT","00u35","15u55","16u30","4508","4508U1241","881","01","21","standaard","Aalter Station","AATstn","Wingene Dorp","WINdor",18.212,"04u13","01u58","2112"
"21/0","VHO+2112","LED","00u20","16u30","16u50","4508","4508U1241",,,,"standaard","Wingene Dorp","WINdor","Tielt Station","TLTstn",9.119999999999999,"04u13","01u58","2112"
"21/0","VHO+2112","STA","00u05","16u50","16u55",,,,,,,,,,,,"04u13","01u58","2112"
"21/0","VHO+2112","RIT","00u33","16u55","17u28","4508","4508U1241","883","02a","752","standaard","Tielt Station","TLTstn","Lotenhulle Guldensporenplein","LOHgul",17.479,"04u13","01u58","2112"
"21/0","VHO+2112","LED","00u21","17u28","17u49","4508","4508U1241",,,,"standaard","Lotenhulle Guldensporenplein","LOHgul","Garage Van Hoorebeke","VHO276",19.337,"04u13","01u58","2112"
"21/0","VHO+2112","ANA","00u10","17u49","17u59",,,,,,,,,,,,"04u13","01u58","2112"
"21/0","VHO+2111","AVO","00u05","06u32","06u37",,,,,,,,,,,,"03u57","01u44","2111"
"21/0","VHO+2111","LED","00u02","06u37","06u39","4606","4606U0637",,,,"geleed","Garage Van Hoorebeke","VHO276","Maldegem Markt","MDGmkt",1.885,"03u57","01u44","2111"
"21/0","VHO+2111","RIT","01u18","06u39","07u57","4606","4606U0637","871","01","41","geleed","Maldegem Markt","MDGmkt","Deinze Station","DEIstn",35.519,"03u57","01u44","2111"
"21/0","VHO+2111","LED","00u42","07u57","08u39","4606","4606U0637",,,,"geleed","Deinze Station","DEIstn","Garage Van Hoorebeke","VHO276",29.849,"03u57","01u44","2111"
"21/0","VHO+2111","ONE","07u12","08u39","15u51",,,,,,,,,,,,"03u57","01u44","2111"
"21/0","VHO+2111","ATU","00u15","15u51","16u06",,,,,,,,,,,,"03u57","01u44","2111"
"21/0","VHO+2111","LED","00u02","16u06","16u08","4512","4512U1606",,,,"standaard","Garage Van Hoorebeke","VHO276","Maldegem Markt","MDGmkt",1.885,"03u57","01u44","2111"
"21/0","VHO+2111","RIT","01u18","16u08","17u26","4512","4512U1606","871","01","81","standaard","Maldegem Markt","MDGmkt","Deinze Station","DEIstn",35.519,"03u57","01u44","2111"
"21/0","VHO+2111","LED","00u28","17u26","17u54","4512","4512U1606",,,,"standaard","Deinze Station","DEIstn","Gent Sint Pietersstation","GNTs1a",15.377,"03u57","01u44","2111"
"21/0","VHO+2111","STA","01u27","17u54","19u21",,,,,,,,,,,,"03u57","01u44","2111"
"21/0","VHO+2111","RIT","00u35","19u21","19u56","4512","4512U1606","50","01a","981","standaard","Gent Sint Pietersstation","GNTs1a","Eeklo Station","EEKstn",22.447,"03u57","01u44","2111"
"21/0","VHO+2111","STA","00u02","19u56","19u58",,,,,,,,,,,,"03u57","01u44","2111"
"21/0","VHO+2111","RIT","00u46","19u58","20u44","4512","4512U1606","50","03","983","standaard","Eeklo Station","EEKstn","Brugge Station","BGGstn",28.597,"03u57","01u44","2111"
"21/0","VHO+2111","LED","00u30","20u44","21u14","4512","4512U1606",,,,"standaard","Brugge Station","BGGstn","Garage Van Hoorebeke","VHO276",17,"03u57","01u44","2111"
"21/0","VHO+2111","ANA","00u10","21u14","21u24",,,,,,,,,,,,"03u57","01u44","2111"
"21/0","VHO+2110","AVO","00u05","06u50","06u55",,,,,,,,,,,,"04u09","01u44","2110"
"21/0","VHO+2110","LED","00u03","06u55","06u58","4504","4504U0655",,,,"standaard","Garage Van Hoorebeke","VHO276","Maldegem Station","MDGstn",1.387,"04u09","01u44","2110"
"21/0","VHO+2110","RIT","00u33","06u58","07u31","4504","4504U0655","50","03a","141","standaard","Maldegem Station","MDGstn","Brugge Station","BGGstn",17.919,"04u09","01u44","2110"
"21/0","VHO+2110","LED","00u30","07u31","08u01","4504","4504U0655",,,,"standaard","Brugge Station","BGGstn","Garage Van Hoorebeke","VHO276",17,"04u09","01u44","2110"
"21/0","VHO+2110","ONE","05u59","08u25","14u24",,,,,,,,,,,,"04u09","01u44","2110"
"22/0","VHO+2114","AVO","00u05","07u17","07u22",,,,,,,,,,,,"02u15","01u33","2214"
"22/0","VHO+2114","LED","00u02","07u22","07u24","4506","4506U0722",,,,"standaard","Garage Van Hoorebeke","VHO276","Maldegem Markt","MDGmkt",1.885,"02u15","01u33","2214"
"22/0","VHO+2114","RIT","00u38","07u24","08u02","4506","4506U0722","871","01c","51","standaard","Maldegem Markt","MDGmkt","Aalter Station","AATstn",17.081,"02u15","01u33","2214"
"22/0","VHO+2114","LED","00u20","08u02","08u22","4506","4506U0722",,,,"standaard","Aalter Station","AATstn","Garage Van Hoorebeke","VHO276",14.096,"02u15","01u33","2214"
"22/0","VHO+2114","ONE","06u36","08u52","15u18",,,,,,,,,,,,"02u15","01u33","2214"
"22/0","VHO+2114","ATU","00u15","15u18","15u33",,,,,,,,,,,,"02u15","01u33","2214"
"21/0",,"AVO","00u05","07u17","07u22",,,,,,,,,,,,"01u56","01u06","7414"
"22/0","VHO+2114","LED","00u17","15u33","15u50","4511","4511U1533",,,,"standaard","Garage Van Hoorebeke","VHO276","Aalter Europalaan","AATeur",15.555,"02u15","01u33","2214"
"22/0","VHO+2114","RIT","00u19","15u50","16u09","4511","4511U1533","871","02b","20","standaard","Aalter Europalaan","AATeur","Knesselare Dorp","KNEdp1",8.497,"02u15","01u33","2214"
"22/0","VHO+2114","LED","00u12","16u09","16u21","4511","4511U1533",,,,"standaard","Knesselare Dorp","KNEdp1","Maldegem Markt","MDGmkt",9.727,"02u15","01u33","2214"
"22/0","VHO+2114","STA","00u09","16u21","16u30",,,,,,,,,,,,"02u15","01u33","2214"
"22/0","VHO+2114","RIT","01u18","16u30","17u48","4511","4511U1533","871","01","91","standaard","Maldegem Markt","MDGmkt","Deinze Station","DEIstn",35.519,"02u15","01u33","2214"
"22/0","VHO+2114","LED","00u42","17u48","18u30","4511","4511U1533",,,,"standaard","Deinze Station","DEIstn","Garage Van Hoorebeke","VHO276",29.849,"02u15","01u33","2214"
"22/0","VHO+2114","ANA","00u10","18u30","18u40",,,,,,,,,,,,"02u15","01u33","2214"
"23/0","VHO+2316","AVO","00u05","07u17","07u22",,,,,,,,,,,,"01u48","01u06","2316"
"23/0","VHO+2316","LED","00u02","07u22","07u24","4506","4506U0722",,,,"standaard","Garage Van Hoorebeke","VHO276","Maldegem Markt","MDGmkt",1.885,"01u48","01u06","2316"
"23/0","VHO+2316","RIT","00u38","07u24","08u02","4506","4506U0722","871","01c","51","standaard","Maldegem Markt","MDGmkt","Aalter Station","AATstn",17.081,"01u48","01u06","2316"
"23/0","VHO+2316","LED","00u20","08u02","08u22","4506","4506U0722",,,,"standaard","Aalter Station","AATstn","Garage Van Hoorebeke","VHO276",14.096,"01u48","01u06","2316"
"23/0","VHO+2316","ONE","03u07","08u52","11u59",,,,,,,,,,,,"01u48","01u06","2316"
"23/0","VHO+2316","ATU","00u15","11u59","12u14",,,,,,,,,,,,"01u48","01u06","2316"
"23/0","VHO+2316","LED","00u02","12u14","12u16","4512","4512U1214",,,,"standaard","Garage Van Hoorebeke","VHO276","Maldegem Markt","MDGmkt",1.885,"01u48","01u06","2316"
"23/0","VHO+2316","RIT","01u10","12u16","13u26","4512","4512U1214","871","01","61","standaard","Maldegem Markt","MDGmkt","Deinze Station","DEIstn",35.519,"01u48","01u06","2316"
"23/0","VHO+2316","LED","00u42","13u26","14u08","4512","4512U1214",,,,"standaard","Deinze Station","DEIstn","Garage Van Hoorebeke","VHO276",29.849,"01u48","01u06","2316"
"23/0","VHO+2316","ANA","00u10","14u08","14u18",,,,,,,,,,,,"01u48","01u06","2316"
"23/0","VHO+2315","AVO","00u05","11u55","12u00",,,,,,,,,,,,"05u03","02u05","2315"
"23/0","VHO+2315","LED","00u20","12u00","12u20","4510","4510U1200",,,,"standaard","Garage Van Hoorebeke","VHO276","Aalter Station","AATstn",14.782,"05u03","02u05","2315"
"23/0","VHO+2315","RIT","00u32","12u20","12u52","4510","4510U1200","881","01","11","standaard","Aalter Station","AATstn","Wingene Dorp","WINdor",18.212,"05u03","02u05","2315"
"23/0","VHO+2315","LED","00u36","12u52","13u28","4510","4510U1200",,,,"standaard","Wingene Dorp","WINdor","Garage Van Hoorebeke","VHO276",23.898,"05u03","02u05","2315"
"23/0","VHO+2315","ONE","04u28","13u28","17u56",,,,,,,,,,,,"05u03","02u05","2315"
"23/0","VHO+2315","ATU","00u15","17u56","18u11",,,,,,,,,,,,"05u03","02u05","2315"
"23/0","VHO+2315","LED","00u30","18u11","18u41","4517","4517U1811",,,,"standaard","Garage Van Hoorebeke","VHO276","Brugge Station","BGGstn",17,"05u03","02u05","2315"
"23/0","VHO+2315","RIT","00u51","18u41","19u32","4517","4517U1811","50","02","960","standaard","Brugge Station","BGGstn","Eeklo Station","EEKstn",28.902,"05u03","02u05","2315"
"23/0","VHO+2315","STA","00u02","19u32","19u34",,,,,,,,,,,,"05u03","02u05","2315"
"23/0","VHO+2315","RIT","00u36","19u34","20u10","4517","4517U1811","50","04b","962","standaard","Eeklo Station","EEKstn","Gent Sint-Pietersstation","GNTs2a",22.451,"05u03","02u05","2315"
"23/0","VHO+2315","STA","01u13","20u10","21u23",,,,,,,,,,,,"05u03","02u05","2315"
"23/0","VHO+2315","RIT","00u35","21u23","21u58","4517","4517U1811","50","01a","1041","standaard","Gent Sint Pietersstation","GNTs1a","Eeklo Station","EEKstn",22.447,"05u03","02u05","2315"
"23/0","VHO+2315","STA","00u02","21u58","22u00",,,,,,,,,,,,"05u03","02u05","2315"
"23/0","VHO+2315","RIT","00u46","22u00","22u46","4517","4517U1811","50","03","1043","standaard","Eeklo Station","EEKstn","Brugge Station","BGGstn",28.597,"05u03","02u05","2315"
"23/0","VHO+2315","STA","00u06","22u46","22u52",,,,,,,,,,,,"05u03","02u05","2315"
"23/0","VHO+2315","RIT","00u45","22u52","23u37","4517","4517U1811","50","02","1060","standaard","Brugge Station","BGGstn","Eeklo Station","EEKstn",28.902,"05u03","02u05","2315"
"23/0","VHO+2315","LED","00u37","23u37","24u14","4517","4517U1811",,,,"standaard","Eeklo Station","EEKstn","Gent Sint Pietersstation","GNTs1a",20.518,"05u03","02u05","2315"
"23/0","VHO+2315","STA","00u06","24u14","24u20",,,,,,,,,,,,"05u03","02u05","2315"
"23/0","VHO+2315","RIT","00u58","24u20","25u18","4517","4517U1811","50","07","1111","standaard","Gent Sint Pietersstation","GNTs1a","Maldegem Markt","MDGmkt",33.707,"05u03","02u05","2315"
"23/0","VHO+2315","LED","00u02","25u18","25u20","4517","4517U1811",,,,"standaard","Maldegem Markt","MDGmkt","Garage Van Hoorebeke","VHO276",0.414,"05u03","02u05","2315"
"23/0","VHO+2315","ANA","00u10","25u20","25u30",,,,,,,,,,,,"05u03","02u05","2315"
"23/0","VHO+2314","AVO","00u05","07u16","07u21",,,,,,,,,,,,"06u23","01u17","2314"
"23/0","VHO+2314","LED","00u05","07u21","07u26","4607","4607U0721",,,,"geleed","Garage Van Hoorebeke","VHO276","Maldegem Markt","MDGmk2",3.502,"06u23","01u17","2314"
"23/0","VHO+2314","RIT","00u34","07u26","08u00","4607","4607U0721","50","10","160","geleed","Maldegem Markt","MDGmk2","Eeklo Watertoren","EEKwat",15.37,"06u23","01u17","2314"
"23/0","VHO+2314","LED","00u15","08u00","08u15","4607","4607U0721",,,,"geleed","Eeklo Watertoren","EEKwat","Garage Van Hoorebeke","VHO276",9.647,"06u23","01u17","2314"
"23/0","VHO+2314","ONE","07u19","08u51","16u10",,,,,,,,,,,,"06u23","01u17","2314"
"23/0","VHO+2314","ATU","00u15","16u10","16u25",,,,,,,,,,,,"06u23","01u17","2314"
"23/0","VHO+2314","LED","00u30","16u25","16u55","4516","4516U1625",,,,"standaard","Garage Van Hoorebeke","VHO276","Brugge Station","BGGstn",17,"06u23","01u17","2314"
"23/0","VHO+2314","RIT","00u35","16u55","17u30","4516","4516U1625","50","02a","810","standaard","Brugge Station","BGGstn","Maldegem Station","MDGstn",17.863,"06u23","01u17","2314"
"23/0","VHO+2314","LED","00u25","17u30","17u55","4516","4516U1625",,,,"standaard","Maldegem Station","MDGstn","Brugge Station","BGGstn",18.245,"06u23","01u17","2314"
"23/0","VHO+2314","STA","00u13","17u55","18u08",,,,,,,,,,,,"06u23","01u17","2314"
"23/0","VHO+2314","RIT","00u58","18u08","19u06","4516","4516U1625","50","02","930","standaard","Brugge Station","BGGstn","Eeklo Station","EEKstn",28.902,"06u23","01u17","2314"
"23/0","VHO+2314","STA","00u02","19u06","19u08",,,,,,,,,,,,"06u23","01u17","2314"
"23/0","VHO+2314","RIT","00u37","19u08","19u45","4516","4516U1625","50","04b","932","standaard","Eeklo Station","EEKstn","Gent Sint-Pietersstation","GNTs2a",22.451,"06u23","01u17","2314"
"23/0","VHO+2314","STA","00u32","19u45","20u17",,,,,,,,,,,,"06u23","01u17","2314"
"23/0","VHO+2314","RIT","00u35","20u17","20u52","4516","4516U1625","50","01a","1021","standaard","Gent Sint Pietersstation","GNTs1a","Eeklo Station","EEKstn",22.447,"06u23","01u17","2314"
"23/0","VHO+2314","STA","00u02","20u52","20u54",,,,,,,,,,,,"06u23","01u17","2314"
"23/0","VHO+2314","RIT","00u46","20u54","21u40","4516","4516U1625","50","03","1023","standaard","Eeklo Station","EEKstn","Brugge Station","BGGstn",28.597,"06u23","01u17","2314"
"23/0","VHO+2314","STA","00u05","21u40","21u45",,,,,,,,,,,,"06u23","01u17","2314"
"23/0","VHO+2314","RIT","00u45","21u45","22u30","4516","4516U1625","50","02","1040","standaard","Brugge Station","BGGstn","Eeklo Station","EEKstn",28.902,"06u23","01u17","2314"
"23/0","VHO+2314","STA","00u02","22u30","22u32",,,,,,,,,,,,"06u23","01u17","2314"
"23/0","VHO+2314","RIT","00u35","22u32","23u07","4516","4516U1625","50","04b","1042","standaard","Eeklo Station","EEKstn","Gent Sint-Pietersstation","GNTs2a",22.451,"06u23","01u17","2314"
"23/0","VHO+2314","STA","00u22","23u07","23u29",,,,,,,,,,,,"06u23","01u17","2314"
"23/0","VHO+2314","RIT","00u58","23u29","24u27","4516","4516U1625","50","07","1081","standaard","Gent Sint Pietersstation","GNTs1a","Maldegem Markt","MDGmkt",33.707,"06u23","01u17","2314"
"23/0","VHO+2314","LED","00u02","24u27","24u29","4516","4516U1625",,,,"standaard","Maldegem Markt","MDGmkt","Garage Van Hoorebeke","VHO276",0.414,"06u23","01u17","2314"
"23/0","VHO+2314","ANA","00u10","24u29","24u39",,,,,,,,,,,,"06u23","01u17","2314"
"23/0","VHO+2313","AVO","00u05","07u03","07u08",,,,,,,,,,,,"05u49","02u08","2313"
"23/0","VHO+2313","LED","00u02","07u08","07u10","4505","4505U0708",,,,"standaard","Garage Van Hoorebeke","VHO276","Maldegem Markt","MDGmkt",1.885,"05u49","02u08","2313"
"23/0","VHO+2313","RIT","00u28","07u10","07u38","4505","4505U0708","87","01","11","standaard","Maldegem Markt","MDGmkt","Aalter Station","AATstn",14.552,"05u49","02u08","2313"
"23/0","VHO+2313","LED","00u09","07u38","07u47","4505","4505U0708",,,,"standaard","Aalter Station","AATstn","Lotenhulle Guldensporenplein","LOHgul",6.243,"05u49","02u08","2313"
"23/0","VHO+2313","STA","00u11","07u47","07u58",,,,,,,,,,,,"05u49","02u08","2313"
"23/0","VHO+2313","RIT","00u16","07u58","08u14","4505","4505U0708","871","02d","90","standaard","Lotenhulle Guldensporenplein","LOHgul","Aalter Station","AATstn",7.059,"05u49","02u08","2313"
"23/0","VHO+2313","LED","00u20","08u14","08u34","4505","4505U0708",,,,"standaard","Aalter Station","AATstn","Garage Van Hoorebeke","VHO276",14.096,"05u49","02u08","2313"
"23/0","VHO+2313","ONE","02u34","08u38","11u12",,,,,,,,,,,,"05u49","02u08","2313"
"23/0","VHO+2313","ATU","00u15","11u12","11u27",,,,,,,,,,,,"05u49","02u08","2313"
"23/0","VHO+2313","LED","00u42","11u27","12u09","4608","4608U1127",,,,"geleed","Garage Van Hoorebeke","VHO276","Deinze Station","DEIstn",30.176,"05u49","02u08","2313"
"23/0","VHO+2313","RIT","00u34","12u09","12u43","4608","4608U1127","871","02c","40","geleed","Deinze Station","DEIstn","Aalter Station","AATstn",17.869,"05u49","02u08","2313"
"23/0","VHO+2313","LED","00u30","12u43","13u13","4608","4608U1127",,,,"geleed","Aalter Station","AATstn","Brugge Station","BGGstn",27.465,"05u49","02u08","2313"
"23/0","VHO+2313","STA","00u27","13u13","13u40",,,,,,,,,,,,"05u49","02u08","2313"
"23/0","VHO+2313","RIT","00u53","13u40","14u33","4608","4608U1127","50","02","580","geleed","Brugge Station","BGGstn","Eeklo Station","EEKstn",28.902,"05u49","02u08","2313"
"23/0","VHO+2313","STA","00u02","14u33","14u35",,,,,,,,,,,,"05u49","02u08","2313"
"23/0","VHO+2313","RIT","00u40","14u35","15u15","4608","4608U1127","50","04b","582","geleed","Eeklo Station","EEKstn","Gent Sint-Pietersstation","GNTs2a",22.451,"05u49","02u08","2313"
"23/0","VHO+2313","LED","00u11","15u15","15u26","4608","4608U1127",,,,"geleed","Gent Sint-Pietersstation","GNTs2a","Zwijnaarde TP Civiele Techniek","ZWNtpc",4.772,"05u49","02u08","2313"
"23/0","VHO+2313","STA","00u28","15u26","15u54",,,,,,,,,,,,"05u49","02u08","2313"
"23/0","VHO+2313","RIT","00u59","15u54","16u53","4608","4608U1127","50","01","721","geleed","Zwijnaarde TP Civiele Techniek","ZWNtpc","Eeklo Station","EEKstn",26.742,"05u49","02u08","2313"
"23/0","VHO+2313","STA","00u02","16u53","16u55",,,,,,,,,,,,"05u49","02u08","2313"
"23/0","VHO+2313","RIT","01u00","16u55","17u55","4608","4608U1127","50","03","723","geleed","Eeklo Station","EEKstn","Brugge Station","BGGstn",28.597,"05u49","02u08","2313"
"23/0","VHO+2313","STA","00u07","17u55","18u02",,,,,,,,,,,,"05u49","02u08","2313"
"23/0","VHO+2313","RIT","00u59","18u02","19u01","4608","4608U1127","50","02","910","geleed","Brugge Station","BGGstn","Eeklo Station","EEKstn",28.902,"05u49","02u08","2313"
"23/0","VHO+2313","LED","00u14","19u01","19u15","4608","4608U1127",,,,"geleed","Eeklo Station","EEKstn","Garage Van Hoorebeke","VHO276",9.9,"05u49","02u08","2313"
"23/0","VHO+2313","ANA","00u10","19u15","19u25",,,,,,,,,,,,"05u49","02u08","2313"
"23/0","VHO+2312","AVO","00u05","06u53","06u58",,,,,,,,,,,,"05u14","00u54","2312"
"23/0","VHO+2312","LED","00u02","06u58","07u00","4504","4504U0658",,,,"standaard","Garage Van Hoorebeke","VHO276","Maldegem Markt","MDGmkt",1.885,"05u14","00u54","2312"
"23/0","VHO+2312","RIT","00u37","07u00","07u37","4504","4504U0658","871","01c","21","standaard","Maldegem Markt","MDGmkt","Aalter Station","AATstn",17.081,"05u14","00u54","2312"
"23/0","VHO+2312","STA","00u03","07u37","07u40",,,,,,,,,,,,"05u14","00u54","2312"
"23/0","VHO+2312","RIT","00u26","07u40","08u06","4504","4504U0658","87","02","10","standaard","Aalter Station","AATstn","Maldegem Markt","MDGmkt",14.844,"05u14","00u54","2312"
"23/0","VHO+2312","STA","00u02","08u06","08u08",,,,,,,,,,,,"05u14","00u54","2312"
"23/0","VHO+2312","RIT","00u29","08u08","08u37","4504","4504U0658","87","01","21","standaard","Maldegem Markt","MDGmkt","Aalter Station","AATstn",14.552,"05u14","00u54","2312"
"23/0","VHO+2312","LED","00u20","08u37","08u57","4504","4504U0658",,,,"standaard","Aalter Station","AATstn","Garage Van Hoorebeke","VHO276",14.096,"05u14","00u54","2312"
"23/0","VHO+2312","ONE","01u57","08u57","10u54",,,,,,,,,,,,"05u14","00u54","2312"
"23/0","VHO+2312","ATU","00u15","10u54","11u09",,,,,,,,,,,,"05u14","00u54","2312"
"23/0","VHO+2312","LED","00u30","11u09","11u39","4507","4507U1109",,,,"standaard","Garage Van Hoorebeke","VHO276","Brugge Station","BGGstn",17,"05u14","00u54","2312"
"23/0","VHO+2312","RIT","00u53","11u39","12u32","4507","4507U1109","50","02","410","standaard","Brugge Station","BGGstn","Eeklo Station","EEKstn",28.902,"05u14","00u54","2312"
"23/0","VHO+2312","STA","00u02","12u32","12u34",,,,,,,,,,,,"05u14","00u54","2312"
"23/0","VHO+2312","RIT","00u40","12u34","13u14","4507","4507U1109","50","04b","412","standaard","Eeklo Station","EEKstn","Gent Sint-Pietersstation","GNTs2a",22.451,"05u14","00u54","2312"
"23/0","VHO+2312","STA","00u34","13u14","13u48",,,,,,,,,,,,"05u14","00u54","2312"
"23/0","VHO+2312","RIT","00u40","13u48","14u28","4507","4507U1109","50","01a","591","standaard","Gent Sint Pietersstation","GNTs1a","Eeklo Station","EEKstn",22.447,"05u14","00u54","2312"
"23/0","VHO+2312","STA","00u02","14u28","14u30",,,,,,,,,,,,"05u14","00u54","2312"
"23/0","VHO+2312","RIT","00u54","14u30","15u24","4507","4507U1109","50","03","593","standaard","Eeklo Station","EEKstn","Brugge Station","BGGstn",28.597,"05u14","00u54","2312"
"23/0","VHO+2312","STA","00u57","15u24","16u21",,,,,,,,,,,,"05u14","00u54","2312"
"23/0","VHO+2312","RIT","00u35","16u21","16u56","4507","4507U1109","50","02a","750","standaard","Brugge Station","BGGstn","Maldegem Station","MDGstn",17.863,"05u14","00u54","2312"
"23/0","VHO+2312","LED","00u02","16u56","16u58","4507","4507U1109",,,,"standaard","Maldegem Station","MDGstn","Garage Van Hoorebeke","VHO276",0.6860000000000001,"05u14","00u54","2312"
"23/0","VHO+2312","ANA","00u10","16u58","17u08",,,,,,,,,,,,"05u14","00u54","2312"
"23/0","VHO+2311","AVO","00u05","06u50","06u55",,,,,,,,,,,,"05u43","01u55","2311"
"23/0","VHO+2311","LED","00u03","06u55","06u58","4503","4503U0655",,,,"standaard","Garage Van Hoorebeke","VHO276","Maldegem Station","MDGstn",1.387,"05u43","01u55","2311"
"23/0","VHO+2311","RIT","00u33","06u58","07u31","4503","4503U0655","50","03a","141","standaard","Maldegem Station","MDGstn","Brugge Station","BGGstn",17.919,"05u43","01u55","2311"
"23/0","VHO+2311","LED","00u30","07u31","08u01","4503","4503U0655",,,,"standaard","Brugge Station","BGGstn","Garage Van Hoorebeke","VHO276",17,"05u43","01u55","2311"
"23/0","VHO+2311","ONE","03u27","08u25","11u52",,,,,,,,,,,,"05u43","01u55","2311"
"23/0","VHO+2311","ATU","00u15","11u52","12u07",,,,,,,,,,,,"05u43","01u55","2311"
"23/0","VHO+2311","LED","00u41","12u07","12u48","4613","4613U1207",,,,"geleed","Garage Van Hoorebeke","VHO276","Gent Sint Pietersstation","GNTs1a",30.075,"05u43","01u55","2311"
"23/0","VHO+2311","RIT","00u40","12u48","13u28","4613","4613U1207","50","01a","521","geleed","Gent Sint Pietersstation","GNTs1a","Eeklo Station","EEKstn",22.447,"05u43","01u55","2311"
"23/0","VHO+2311","STA","00u02","13u28","13u30",,,,,,,,,,,,"05u43","01u55","2311"
"23/0","VHO+2311","RIT","00u54","13u30","14u24","4613","4613U1207","50","03","523","geleed","Eeklo Station","EEKstn","Brugge Station","BGGstn",28.597,"05u43","01u55","2311"
"23/0","VHO+2311","STA","00u45","14u24","15u09",,,,,,,,,,,,"05u43","01u55","2311"
"23/0","VHO+2311","RIT","00u58","15u09","16u07","4613","4613U1207","50","02","670","geleed","Brugge Station","BGGstn","Eeklo Station","EEKstn",28.902,"05u43","01u55","2311"
"23/0","VHO+2311","STA","00u02","16u07","16u09",,,,,,,,,,,,"05u43","01u55","2311"
"23/0","VHO+2311","RIT","00u45","16u09","16u54","4613","4613U1207","50","04b","672","geleed","Eeklo Station","EEKstn","Gent Sint-Pietersstation","GNTs2a",22.451,"05u43","01u55","2311"
"23/0","VHO+2311","LED","00u11","16u54","17u05","4613","4613U1207",,,,"geleed","Gent Sint-Pietersstation","GNTs2a","Zwijnaarde TP Civiele Techniek","ZWNtpc",4.772,"05u43","01u55","2311"
"23/0","VHO+2311","STA","00u23","17u05","17u28",,,,,,,,,,,,"05u43","01u55","2311"
"23/0","VHO+2311","RIT","01u00","17u28","18u28","4613","4613U1207","50","01","861","geleed","Zwijnaarde TP Civiele Techniek","ZWNtpc","Eeklo Station","EEKstn",26.742,"05u43","01u55","2311"
"23/0","VHO+2311","STA","00u02","18u28","18u30",,,,,,,,,,,,"05u43","01u55","2311"
"23/0","VHO+2311","RIT","00u53","18u30","19u23","4613","4613U1207","50","03","863","geleed","Eeklo Station","EEKstn","Brugge Station","BGGstn",28.597,"05u43","01u55","2311"
"23/0","VHO+2311","LED","00u30","19u23","19u53","4613","4613U1207",,,,"geleed","Brugge Station","BGGstn","Garage Van Hoorebeke","VHO276",17,"05u43","01u55","2311"
"23/0","VHO+2311","ANA","00u10","19u53","20u03",,,,,,,,,,,,"05u43","01u55","2311"
"23/0","VHO+2310","AVO","00u05","06u48","06u53",,,,,,,,,,,,"04u35","02u32","2310"
"23/0","VHO+2310","LED","00u36","06u53","07u29","4502","4502U0653",,,,"standaard","Garage Van Hoorebeke","VHO276","Wingene Dorp","WINdor",23.901,"04u35","02u32","2310"
"23/0","VHO+2310","RIT","00u34","07u29","08u03","4502","4502U0653","881","02","10","standaard","Wingene Dorp","WINdor","Aalter Station","AATstn",18.351,"04u35","02u32","2310"
"23/0","VHO+2310","LED","00u20","08u03","08u23","4502","4502U0653",,,,"standaard","Aalter Station","AATstn","Garage Van Hoorebeke","VHO276",14.096,"04u35","02u32","2310"
"23/0","VHO+2310","ONE","03u06","08u23","11u29",,,,,,,,,,,,"04u35","02u32","2310"
"23/0","VHO+2310","ATU","00u15","11u29","11u44",,,,,,,,,,,,"04u35","02u32","2310"
"23/0","VHO+2310","LED","00u30","11u44","12u14","4609","4609U1144",,,,"geleed","Garage Van Hoorebeke","VHO276","Brugge Station","BGGstn",17,"04u35","02u32","2310"
"23/0","VHO+2310","RIT","00u30","12u14","12u44","4609","4609U1144","50","02a","460","geleed","Brugge Station","BGGstn","Maldegem Station","MDGstn",17.863,"04u35","02u32","2310"
"23/0","VHO+2310","LED","00u25","12u44","13u09","4609","4609U1144",,,,"geleed","Maldegem Station","MDGstn","Brugge Station","BGGstn",18.245,"04u35","02u32","2310"
"23/0","VHO+2310","STA","01u00","13u09","14u09",,,,,,,,,,,,"04u35","02u32","2310"
"23/0","VHO+2310","RIT","00u53","14u09","15u02","4609","4609U1144","50","02","610","geleed","Brugge Station","BGGstn","Eeklo Station","EEKstn",28.902,"04u35","02u32","2310"
"23/0","VHO+2310","STA","00u02","15u02","15u04",,,,,,,,,,,,"04u35","02u32","2310"
"23/0","VHO+2310","RIT","00u40","15u04","15u44","4609","4609U1144","50","04b","612","geleed","Eeklo Station","EEKstn","Gent Sint-Pietersstation","GNTs2a",22.451,"04u35","02u32","2310"
"23/0","VHO+2310","LED","00u11","15u44","15u55","4609","4609U1144",,,,"geleed","Gent Sint-Pietersstation","GNTs2a","Zwijnaarde TP Civiele Techniek","ZWNtpc",4.772,"04u35","02u32","2310"
"23/0","VHO+2310","STA","00u29","15u55","16u24",,,,,,,,,,,,"04u35","02u32","2310"
"23/0","VHO+2310","RIT","00u59","16u24","17u23","4609","4609U1144","50","01","781","geleed","Zwijnaarde TP Civiele Techniek","ZWNtpc","Eeklo Station","EEKstn",26.742,"04u35","02u32","2310"
"23/0","VHO+2310","STA","00u02","17u23","17u25",,,,,,,,,,,,"04u35","02u32","2310"
"23/0","VHO+2310","RIT","00u59","17u25","18u24","4609","4609U1144","50","03","783","geleed","Eeklo Station","EEKstn","Brugge Station","BGGstn",28.597,"04u35","02u32","2310"
"23/0","VHO+2310","LED","00u30","18u24","18u54","4609","4609U1144",,,,"geleed","Brugge Station","BGGstn","Garage Van Hoorebeke","VHO276",17,"04u35","02u32","2310"
"23/0","VHO+2310","ANA","00u10","18u54","19u04",,,,,,,,,,,,"04u35","02u32","2310"
"23/0","VHO+2309","AVO","00u05","06u32","06u37",,,,,,,,,,,,"04u46","02u08","2309"
"31/0","VHO+4103","RIT","00u51","10u11","11u02","4602","4602U0511","50","02","290","geleed","Brugge Station","BGGstn","Eeklo Station","EEKstn",28.903,"05u01","00u44","4103"
"31/0","VHO+4103","STA","00u02","11u02","11u04",,,,,,,,,,,,"05u01","00u44","4103"
"31/0","VHO+4103","RIT","00u40","11u04","11u44","4602","4602U0511","50","04b","292","geleed","Eeklo Station","EEKstn","Gent Sint-Pietersstation","GNTs2a",22.452,"05u01","00u44","4103"
"31/0","VHO+4103","STA","00u35","11u44","12u19",,,,,,,,,,,,"05u01","00u44","4103"
"31/0","VHO+4103","RIT","00u38","12u19","12u57","4602","4602U0511","50","01a","411","geleed","Gent Sint Pietersstation","GNTs1a","Eeklo Station","EEKstn",22.447,"05u01","00u44","4103"
"31/0","VHO+4103","LED","00u14","12u57","13u11","4602","4602U0511",,,,"geleed","Eeklo Station","EEKstn","Garage Van Hoorebeke","VHO276",9.9,"05u01","00u44","4103"
"31/0","VHO+4103","ANA","00u10","13u11","13u21",,,,,,,,,,,,"05u01","00u44","4103"
"31/0","VHO+4102","AVO","00u05","04u50","04u55",,,,,,,,,,,,"05u27","00u35","4102"
"31/0","VHO+4102","LED","00u05","04u55","05u00","4601","4601U0455",,,,"geleed","Garage Van Hoorebeke","VHO276","Maldegem Markt","MDGmk2",3.502,"05u27","00u35","4102"
"31/0","VHO+4102","RIT","00u59","05u00","05u59","4601","4601U0455","50","06","20","geleed","Maldegem Markt","MDGmk2","Gent Sint-Pietersstation","GNTs2a",34.109,"05u27","00u35","4102"
"31/0","VHO+4102","STA","00u23","05u59","06u22",,,,,,,,,,,,"05u27","00u35","4102"
"31/0","VHO+4102","RIT","00u35","06u22","06u57","4601","4601U0455","50","01a","61","geleed","Gent Sint Pietersstation","GNTs1a","Eeklo Station","EEKstn",22.447,"05u27","00u35","4102"
"31/0","VHO+4102","STA","00u02","06u57","06u59",,,,,,,,,,,,"05u27","00u35","4102"
"31/0","VHO+4102","RIT","00u52","06u59","07u51","4601","4601U0455","50","03","63","geleed","Eeklo Station","EEKstn","Brugge Station","BGGstn",28.596,"05u27","00u35","4102"
"31/0","VHO+4102","STA","00u20","07u51","08u11",,,,,,,,,,,,"05u27","00u35","4102"
"31/0","VHO+4102","RIT","00u51","08u11","09u02","4601","4601U0455","50","02","170","geleed","Brugge Station","BGGstn","Eeklo Station","EEKstn",28.903,"05u27","00u35","4102"
"31/0","VHO+4102","STA","00u02","09u02","09u04",,,,,,,,,,,,"05u27","00u35","4102"
"31/0","VHO+4102","RIT","00u40","09u04","09u44","4601","4601U0455","50","04b","172","geleed","Eeklo Station","EEKstn","Gent Sint-Pietersstation","GNTs2a",22.452,"05u27","00u35","4102"
"31/0","VHO+4102","STA","00u34","09u44","10u18",,,,,,,,,,,,"05u27","00u35","4102"
"31/0","VHO+4102","RIT","00u38","10u18","10u56","4601","4601U0455","50","01a","291","geleed","Gent Sint Pietersstation","GNTs1a","Eeklo Station","EEKstn",22.447,"05u27","00u35","4102"
"31/0","VHO+4102","STA","00u02","10u56","10u58",,,,,,,,,,,,"05u27","00u35","4102"
"31/0","VHO+4102","RIT","00u52","10u58","11u50","4601","4601U0455","50","03","293","geleed","Eeklo Station","EEKstn","Brugge Station","BGGstn",28.596,"05u27","00u35","4102"
"31/0","VHO+4102","LED","00u30","11u50","12u20","4601","4601U0455",,,,"geleed","Brugge Station","BGGstn","Garage Van Hoorebeke","VHO276",17,"05u27","00u35","4102"
"31/0","VHO+4102","ANA","00u10","12u20","12u30",,,,,,,,,,,,"05u27","00u35","4102"
"31/0","VHO+4101","AVO","00u05","04u20","04u25",,,,,,,,,,,,"05u25","00u35","4101"
"31/0","VHO+4101","LED","00u05","04u25","04u30","4600","4600U0425",,,,"geleed","Garage Van Hoorebeke","VHO276","Maldegem Markt","MDGmk2",3.502,"05u25","00u35","4101"
"31/0","VHO+4101","RIT","00u59","04u30","05u29","4600","4600U0425","50","06","10","geleed","Maldegem Markt","MDGmk2","Gent Sint-Pietersstation","GNTs2a",34.109,"05u25","00u35","4101"
"31/0","VHO+4101","STA","00u25","05u29","05u54",,,,,,,,,,,,"05u25","00u35","4101"
"31/0","VHO+4101","RIT","00u35","05u54","06u29","4600","4600U0425","50","01a","41","geleed","Gent Sint Pietersstation","GNTs1a","Eeklo Station","EEKstn",22.447,"05u25","00u35","4101"
"31/0","VHO+4101","STA","00u02","06u29","06u31",,,,,,,,,,,,"05u25","00u35","4101"
"31/0","VHO+4101","RIT","00u50","06u31","07u21","4600","4600U0425","50","03","43","geleed","Eeklo Station","EEKstn","Brugge Station","BGGstn",28.596,"05u25","00u35","4101"
"31/0","VHO+4101","STA","00u20","07u21","07u41",,,,,,,,,,,,"05u25","00u35","4101"
"31/0","VHO+4101","RIT","00u51","07u41","08u32","4600","4600U0425","50","02","140","geleed","Brugge Station","BGGstn","Eeklo Station","EEKstn",28.903,"05u25","00u35","4101"
"31/0","VHO+4101","STA","00u02","08u32","08u34",,,,,,,,,,,,"05u25","00u35","4101"
"31/0","VHO+4101","RIT","00u40","08u34","09u14","4600","4600U0425","50","04b","142","geleed","Eeklo Station","EEKstn","Gent Sint-Pietersstation","GNTs2a",22.452,"05u25","00u35","4101"
"31/0","VHO+4101","STA","00u41","09u14","09u55",,,,,,,,,,,,"05u25","00u35","4101"
"31/0","VHO+4101","RIT","00u38","09u55","10u33","4600","4600U0425","50","01a","261","geleed","Gent Sint Pietersstation","GNTs1a","Eeklo Station","EEKstn",22.447,"05u25","00u35","4101"
"31/0","VHO+4101","STA","00u02","10u33","10u35",,,,,,,,,,,,"05u25","00u35","4101"
"31/0","VHO+4101","RIT","00u52","10u35","11u27","4600","4600U0425","50","03","263","geleed","Eeklo Station","EEKstn","Brugge Station","BGGstn",28.596,"05u25","00u35","4101"
"31/0","VHO+4101","LED","00u30","11u27","11u57","4600","4600U0425",,,,"geleed","Brugge Station","BGGstn","Garage Van Hoorebeke","VHO276",17,"05u25","00u35","4101"
"31/0","VHO+4101","ANA","00u10","11u57","12u07",,,,,,,,,,,,"05u25","00u35","4101"
"23/0","VHO+2309","LED","00u02","06u37","06u39","4606","4606U0637",,,,"geleed","Garage Van Hoorebeke","VHO276","Maldegem Markt","MDGmkt",1.885,"04u46","02u08","2309"
"23/0","VHO+2309","RIT","01u18","06u39","07u57","4606","4606U0637","871","01","41","geleed","Maldegem Markt","MDGmkt","Deinze Station","DEIstn",35.519,"04u46","02u08","2309"
"23/0","VHO+2309","LED","00u42","07u57","08u39","4606","4606U0637",,,,"geleed","Deinze Station","DEIstn","Garage Van Hoorebeke","VHO276",29.849,"04u46","02u08","2309"
"23/0","VHO+2309","ONE","02u43","08u39","11u22",,,,,,,,,,,,"04u46","02u08","2309"
"23/0","VHO+2309","ATU","00u15","11u22","11u37",,,,,,,,,,,,"04u46","02u08","2309"
"23/0","VHO+2309","LED","00u42","11u37","12u19","4508","4508U1137",,,,"standaard","Garage Van Hoorebeke","VHO276","Deinze Station","DEIstn",30.176,"04u46","02u08","2309"
"23/0","VHO+2309","RIT","01u06","12u19","13u25","4508","4508U1137","871","02","150","standaard","Deinze Station","DEIstn","Maldegem Markt","MDGmkt",35.255,"04u46","02u08","2309"
"23/0","VHO+2309","LED","00u02","13u25","13u27","4508","4508U1137",,,,"standaard","Maldegem Markt","MDGmkt","Garage Van Hoorebeke","VHO276",0.414,"04u46","02u08","2309"
"23/0","VHO+2309","ONV","01u38","13u27","15u05",,,,,,,,,,,,"04u46","02u08","2309"
"23/0","VHO+2309","LED","00u20","15u05","15u25","4513","4513U1505",,,,"standaard","Garage Van Hoorebeke","VHO276","Aalter Station","AATstn",14.782,"04u46","02u08","2309"
"23/0","VHO+2309","RIT","00u36","15u25","16u01","4513","4513U1505","884","01","111","standaard","Aalter Station","AATstn","Tielt Station","TLTstn",18.386,"04u46","02u08","2309"
"23/0","VHO+2309","STA","00u38","16u01","16u39",,,,,,,,,,,,"04u46","02u08","2309"
"23/0","VHO+2309","RIT","00u36","16u39","17u15","4513","4513U1505","884","02","130","standaard","Tielt Station","TLTstn","Aalter Station","AATstn",17.861,"04u46","02u08","2309"
"23/0","VHO+2309","STA","00u10","17u15","17u25",,,,,,,,,,,,"04u46","02u08","2309"
"23/0","VHO+2309","RIT","00u36","17u25","18u01","4513","4513U1505","884","01","141","standaard","Aalter Station","AATstn","Tielt Station","TLTstn",18.386,"04u46","02u08","2309"
"23/0","VHO+2309","STA","00u40","18u01","18u41",,,,,,,,,,,,"04u46","02u08","2309"
"23/0","VHO+2309","RIT","00u34","18u41","19u15","4513","4513U1505","884","02","170","standaard","Tielt Station","TLTstn","Aalter Station","AATstn",17.861,"04u46","02u08","2309"
"23/0","VHO+2309","LED","00u20","19u15","19u35","4513","4513U1505",,,,"standaard","Aalter Station","AATstn","Garage Van Hoorebeke","VHO276",14.096,"04u46","02u08","2309"
"23/0","VHO+2309","ANA","00u10","19u35","19u45",,,,,,,,,,,,"04u46","02u08","2309"
"23/0","VHO+2308","AVO","00u05","06u32","06u37",,,,,,,,,,,,"04u20","03u31","2308"
"23/0","VHO+2308","LED","00u42","06u37","07u19","4605","4605U0637",,,,"geleed","Garage Van Hoorebeke","VHO276","Drongen Rotonde","DROrot",25.662,"04u20","03u31","2308"
"23/0","VHO+2308","RIT","00u41","07u19","08u00","4605","4605U0637","50","11","181","geleed","Drongen Rotonde","DROrot","Eeklo Watertoren","EEKwat",18.597,"04u20","03u31","2308"
"23/0","VHO+2308","LED","00u15","08u00","08u15","4605","4605U0637",,,,"geleed","Eeklo Watertoren","EEKwat","Garage Van Hoorebeke","VHO276",9.647,"04u20","03u31","2308"
"23/0","VHO+2308","ONE","03u25","08u15","11u40",,,,,,,,,,,,"04u20","03u31","2308"
"23/0","VHO+2308","ATU","00u15","11u40","11u55",,,,,,,,,,,,"04u20","03u31","2308"
"23/0","VHO+2308","LED","00u14","11u55","12u09","4509","4509U1155",,,,"standaard","Garage Van Hoorebeke","VHO276","Eeklo Station","EEKstn",9.673,"04u20","03u31","2308"
"23/0","VHO+2308","RIT","00u18","12u09","12u27","4509","4509U1155","631","01a","31","standaard","Eeklo Station","EEKstn","Watervliet Dorp","WTVdor",12.394,"04u20","03u31","2308"
"23/0","VHO+2308","LED","00u31","12u27","12u58","4509","4509U1155",,,,"standaard","Watervliet Dorp","WTVdor","Garage Van Hoorebeke","VHO276",20.3,"04u20","03u31","2308"
"23/0","VHO+2308","ONV","02u15","12u58","15u13",,,,,,,,,,,,"04u20","03u31","2308"
"23/0","VHO+2308","LED","00u35","15u13","15u48","4514","4514U1513",,,,"standaard","Garage Van Hoorebeke","VHO276","Tielt Station","TLTstn",31,"04u20","03u31","2308"
"23/0","VHO+2308","RIT","00u36","15u48","16u24","4514","4514U1513","884","02","110","standaard","Tielt Station","TLTstn","Aalter Station","AATstn",17.861,"04u20","03u31","2308"
"23/0","VHO+2308","STA","00u05","16u24","16u29",,,,,,,,,,,,"04u20","03u31","2308"
"23/0","VHO+2308","RIT","00u36","16u29","17u05","4514","4514U1513","884","01","121","standaard","Aalter Station","AATstn","Tielt Station","TLTstn",18.386,"04u20","03u31","2308"
"23/0","VHO+2308","STA","00u04","17u05","17u09",,,,,,,,,,,,"04u20","03u31","2308"
"23/0","VHO+2308","RIT","00u49","17u09","17u58","4514","4514U1513","883","02","140","standaard","Tielt Station","TLTstn","Aalter Station","AATstn",24.478,"04u20","03u31","2308"
"23/0","VHO+2308","LED","00u30","17u58","18u28","4514","4514U1513",,,,"standaard","Aalter Station","AATstn","Brugge Station","BGGstn",27.465,"04u20","03u31","2308"
"23/0","VHO+2308","STA","01u21","18u28","19u49",,,,,,,,,,,,"04u20","03u31","2308"
"23/0","VHO+2308","RIT","00u45","19u49","20u34","4514","4514U1513","50","02","1000","standaard","Brugge Station","BGGstn","Eeklo Station","EEKstn",28.902,"04u20","03u31","2308"
"23/0","VHO+2308","STA","00u02","20u34","20u36",,,,,,,,,,,,"04u20","03u31","2308"
"23/0","VHO+2308","RIT","00u35","20u36","21u11","4514","4514U1513","50","04b","1002","standaard","Eeklo Station","EEKstn","Gent Sint-Pietersstation","GNTs2a",22.451,"04u20","03u31","2308"
"23/0","VHO+2308","LED","00u44","21u11","21u55","4514","4514U1513",,,,"standaard","Gent Sint-Pietersstation","GNTs2a","Garage Van Hoorebeke","VHO276",36.848,"04u20","03u31","2308"
"23/0","VHO+2308","ANA","00u10","21u55","22u05",,,,,,,,,,,,"04u20","03u31","2308"
"23/0","VHO+2307","AVO","00u05","06u29","06u34",,,,,,,,,,,,"04u15","02u48","2307"
"23/0","VHO+2307","LED","00u14","06u34","06u48","4604","4604U0634",,,,"geleed","Garage Van Hoorebeke","VHO276","Eeklo Station","EEKstn",9.673,"04u15","02u48","2307"
"23/0","VHO+2307","RIT","00u56","06u48","07u44","4604","4604U0634","50","03","111","geleed","Eeklo Station","EEKstn","Brugge Station","BGGstn",28.597,"04u15","02u48","2307"
"23/0","VHO+2307","LED","00u30","07u44","08u14","4604","4604U0634",,,,"geleed","Brugge Station","BGGstn","Garage Van Hoorebeke","VHO276",17,"04u15","02u48","2307"
"23/0","VHO+2307","ONE","03u42","08u14","11u56",,,,,,,,,,,,"04u15","02u48","2307"
"23/0","VHO+2307","ATU","00u15","11u56","12u11",,,,,,,,,,,,"04u15","02u48","2307"
"23/0","VHO+2307","LED","00u30","12u11","12u41","4614","4614U1211",,,,"geleed","Garage Van Hoorebeke","VHO276","Brugge Station","BGGstn",17,"04u15","02u48","2307"
"23/0","VHO+2307","RIT","00u53","12u41","13u34","4614","4614U1211","50","02","510","geleed","Brugge Station","BGGstn","Eeklo Station","EEKstn",28.902,"04u15","02u48","2307"
"23/0","VHO+2307","STA","00u02","13u34","13u36",,,,,,,,,,,,"04u15","02u48","2307"
"23/0","VHO+2307","RIT","00u40","13u36","14u16","4614","4614U1211","50","04b","512","geleed","Eeklo Station","EEKstn","Gent Sint-Pietersstation","GNTs2a",22.451,"04u15","02u48","2307"
"23/0","VHO+2307","LED","00u50","14u16","15u06","4614","4614U1211",,,,"geleed","Gent Sint-Pietersstation","GNTs2a","Brugge Station","BGGstn",45.637,"04u15","02u48","2307"
"23/0","VHO+2307","STA","00u31","15u06","15u37",,,,,,,,,,,,"04u15","02u48","2307"
"23/0","VHO+2307","RIT","01u01","15u37","16u38","4614","4614U1211","50","02","700","geleed","Brugge Station","BGGstn","Eeklo Station","EEKstn",28.902,"04u15","02u48","2307"
"23/0","VHO+2307","STA","00u02","16u38","16u40",,,,,,,,,,,,"04u15","02u48","2307"
"23/0","VHO+2307","RIT","00u45","16u40","17u25","4614","4614U1211","50","04b","702","geleed","Eeklo Station","EEKstn","Gent Sint-Pietersstation","GNTs2a",22.451,"04u15","02u48","2307"
"23/0","VHO+2307","LED","00u44","17u25","18u09","4614","4614U1211",,,,"geleed","Gent Sint-Pietersstation","GNTs2a","Garage Van Hoorebeke","VHO276",36.848,"04u15","02u48","2307"
"23/0","VHO+2307","ANA","00u10","18u09","18u19",,,,,,,,,,,,"04u15","02u48","2307"
"23/0","VHO+2306","AVO","00u05","06u23","06u28",,,,,,,,,,,,"04u54","00u28","2306"
"23/0","VHO+2306","LED","00u03","06u28","06u31","4603","4603U0628",,,,"geleed","Garage Van Hoorebeke","VHO276","Maldegem Station","MDGstn",1.387,"04u54","00u28","2306"
"23/0","VHO+2306","RIT","00u29","06u31","07u00","4603","4603U0628","50","03a","81","geleed","Maldegem Station","MDGstn","Brugge Station","BGGstn",17.919,"04u54","00u28","2306"
"23/0","VHO+2306","STA","00u05","07u00","07u05",,,,,,,,,,,,"04u54","00u28","2306"
"23/0","VHO+2306","RIT","00u56","07u05","08u01","4603","4603U0628","50","02","120","geleed","Brugge Station","BGGstn","Eeklo Station","EEKstn",28.902,"04u54","00u28","2306"
"23/0","VHO+2306","STA","00u02","08u01","08u03",,,,,,,,,,,,"04u54","00u28","2306"
"23/0","VHO+2306","RIT","01u02","08u03","09u05","4603","4603U0628","50","04a","122","geleed","Eeklo Station","EEKstn","Zwijnaarde TP Civiele Techniek","ZWNtpc",27.415,"04u54","00u28","2306"
"23/0","VHO+2306","LED","00u11","09u05","09u16","4603","4603U0628",,,,"geleed","Zwijnaarde TP Civiele Techniek","ZWNtpc","Gent Sint Pietersstation","GNTs1a",3.759,"04u54","00u28","2306"
"23/0","VHO+2306","STA","01u02","09u16","10u18",,,,,,,,,,,,"04u54","00u28","2306"
"23/0","VHO+2306","RIT","00u40","10u18","10u58","4603","4603U0628","50","01a","351","geleed","Gent Sint Pietersstation","GNTs1a","Eeklo Station","EEKstn",22.447,"04u54","00u28","2306"
"23/0","VHO+2306","STA","00u02","10u58","11u00",,,,,,,,,,,,"04u54","00u28","2306"
"23/0","VHO+2306","RIT","00u54","11u00","11u54","4603","4603U0628","50","03","353","geleed","Eeklo Station","EEKstn","Brugge Station","BGGstn",28.597,"04u54","00u28","2306"
"23/0","VHO+2306","STA","00u22","11u54","12u16",,,,,,,,,,,,"04u54","00u28","2306"
"23/0","VHO+2306","RIT","00u53","12u16","13u09","4603","4603U0628","50","02","470","geleed","Brugge Station","BGGstn","Eeklo Station","EEKstn",28.902,"04u54","00u28","2306"
"23/0","VHO+2306","LED","00u14","13u09","13u23","4603","4603U0628",,,,"geleed","Eeklo Station","EEKstn","Garage Van Hoorebeke","VHO276",9.9,"04u54","00u28","2306"
"23/0","VHO+2306","ANA","00u10","13u23","13u33",,,,,,,,,,,,"04u54","00u28","2306"
"23/0","VHO+2305","AVO","00u05","05u56","06u01",,,,,,,,,,,,"05u34","02u20","2305"
"23/0","VHO+2305","LED","00u41","06u01","06u42","4602","4602U0601",,,,"geleed","Garage Van Hoorebeke","VHO276","Gent Sint Pietersstation","GNTs1a",30.075,"05u34","02u20","2305"
"23/0","VHO+2305","RIT","00u36","06u42","07u18","4602","4602U0601","50","01a","91","geleed","Gent Sint Pietersstation","GNTs1a","Eeklo Station","EEKstn",22.447,"05u34","02u20","2305"
"23/0","VHO+2305","STA","00u02","07u18","07u20",,,,,,,,,,,,"05u34","02u20","2305"
"23/0","VHO+2305","RIT","01u03","07u20","08u23","4602","4602U0601","50","03","93","geleed","Eeklo Station","EEKstn","Brugge Station","BGGstn",28.597,"05u34","02u20","2305"
"23/0","VHO+2305","LED","00u30","08u23","08u53","4602","4602U0601",,,,"geleed","Brugge Station","BGGstn","Garage Van Hoorebeke","VHO276",17,"05u34","02u20","2305"
"23/0","VHO+2305","ONE","02u54","08u53","11u47",,,,,,,,,,,,"05u34","02u20","2305"
"23/0","VHO+2305","ATU","00u15","11u47","12u02",,,,,,,,,,,,"05u34","02u20","2305"
"23/0","VHO+2305","LED","00u17","12u02","12u19","4511","4511U1202",,,,"standaard","Garage Van Hoorebeke","VHO276","Aalter Europalaan","AATeur",15.555,"05u34","02u20","2305"
"23/0","VHO+2305","RIT","00u38","12u19","12u57","4511","4511U1202","871","02a","10","standaard","Aalter Europalaan","AATeur","Maldegem Markt","MDGmkt",19.449,"05u34","02u20","2305"
"23/0","VHO+2305","STA","00u08","12u57","13u05",,,,,,,,,,,,"05u34","02u20","2305"
"23/0","VHO+2305","RIT","00u32","13u05","13u37","4511","4511U1202","871","01c","151","standaard","Maldegem Markt","MDGmkt","Aalter Station","AATstn",17.081,"05u34","02u20","2305"
"23/0","VHO+2305","LED","00u20","13u37","13u57","4511","4511U1202",,,,"standaard","Aalter Station","AATstn","Garage Van Hoorebeke","VHO276",14.096,"05u34","02u20","2305"
"23/0","VHO+2305","ONV","02u09","13u57","16u06",,,,,,,,,,,,"05u34","02u20","2305"
"23/0","VHO+2305","LED","00u30","16u06","16u36","4615","4615U1606",,,,"geleed","Garage Van Hoorebeke","VHO276","Brugge Station","BGGstn",17,"05u34","02u20","2305"
"23/0","VHO+2305","RIT","01u02","16u36","17u38","4615","4615U1606","50","02","790","geleed","Brugge Station","BGGstn","Eeklo Station","EEKstn",28.902,"05u34","02u20","2305"
"23/0","VHO+2305","STA","00u02","17u38","17u40",,,,,,,,,,,,"05u34","02u20","2305"
"23/0","VHO+2305","RIT","00u43","17u40","18u23","4615","4615U1606","50","04b","792","geleed","Eeklo Station","EEKstn","Gent Sint-Pietersstation","GNTs2a",22.451,"05u34","02u20","2305"
"23/0","VHO+2305","STA","00u31","18u23","18u54",,,,,,,,,,,,"05u34","02u20","2305"
"23/0","VHO+2305","RIT","01u00","18u54","19u54","4615","4615U1606","50","07","961","geleed","Gent Sint Pietersstation","GNTs1a","Maldegem Markt","MDGmkt",33.707,"05u34","02u20","2305"
"23/0","VHO+2305","LED","00u02","19u54","19u56","4615","4615U1606",,,,"geleed","Maldegem Markt","MDGmkt","Garage Van Hoorebeke","VHO276",0.414,"05u34","02u20","2305"
"23/0","VHO+2305","ANA","00u10","19u56","20u06",,,,,,,,,,,,"05u34","02u20","2305"
"23/0","VHO+2304","AVO","00u05","05u54","05u59",,,,,,,,,,,,"03u04","02u46","2304"
"23/0","VHO+2304","LED","00u41","05u59","06u40","4601","4601U0559",,,,"geleed","Garage Van Hoorebeke","VHO276","Gent Sint Pietersstation","GNTs1a",30.075,"03u04","02u46","2304"
"23/0","VHO+2304","RIT","00u32","06u40","07u12","4601","4601U0559","801","01a","11","geleed","Gent Sint Pietersstation","GNTs1a","Nevele Stelplaats","NEVstl",16.053,"03u04","02u46","2304"
"23/0","VHO+2304","LED","00u06","07u12","07u18","4601","4601U0559",,,,"geleed","Nevele Stelplaats","NEVstl","Lotenhulle Guldensporenplein","LOHgul",6.195,"03u04","02u46","2304"
"23/0","VHO+2304","STA","00u15","07u18","07u33",,,,,,,,,,,,"03u04","02u46","2304"
"23/0","VHO+2304","RIT","00u34","07u33","08u07","4601","4601U0559","883","01","31","geleed","Lotenhulle Guldensporenplein","LOHgul","Tielt Station","TLTstn",17.804,"03u04","02u46","2304"
"23/0","VHO+2304","LED","00u35","08u07","08u42","4601","4601U0559",,,,"geleed","Tielt Station","TLTstn","Garage Van Hoorebeke","VHO276",31,"03u04","02u46","2304"
"23/0","VHO+2304","ONE","02u54","08u42","11u36",,,,,,,,,,,,"03u04","02u46","2304"
"23/0","VHO+2304","ATU","00u15","11u36","11u51",,,,,,,,,,,,"03u04","02u46","2304"
"23/0","VHO+2304","LED","00u14","11u51","12u05","4612","4612U1151",,,,"geleed","Garage Van Hoorebeke","VHO276","Eeklo Station","EEKstn",9.673,"03u04","02u46","2304"
"23/0","VHO+2304","RIT","00u25","12u05","12u30","4612","4612U1151","50","03b","461","geleed","Eeklo Station","EEKstn","Maldegem Markt","MDGmkt",11.26,"03u04","02u46","2304"
"23/0","VHO+2304","LED","00u26","12u30","12u56","4612","4612U1151",,,,"geleed","Maldegem Markt","MDGmkt","Brugge Station","BGGstn",17.547,"03u04","02u46","2304"
"23/0","VHO+2304","STA","00u15","12u56","13u11",,,,,,,,,,,,"03u04","02u46","2304"
"23/0","VHO+2304","RIT","00u53","13u11","14u04","4612","4612U1151","50","02","550","geleed","Brugge Station","BGGstn","Eeklo Station","EEKstn",28.902,"03u04","02u46","2304"
"23/0","VHO+2304","STA","00u02","14u04","14u06",,,,,,,,,,,,"03u04","02u46","2304"
"23/0","VHO+2304","RIT","00u40","14u06","14u46","4612","4612U1151","50","04b","552","geleed","Eeklo Station","EEKstn","Gent Sint-Pietersstation","GNTs2a",22.451,"03u04","02u46","2304"
"23/0","VHO+2304","LED","00u44","14u46","15u30","4612","4612U1151",,,,"geleed","Gent Sint-Pietersstation","GNTs2a","Garage Van Hoorebeke","VHO276",36.848,"03u04","02u46","2304"
"23/0","VHO+2304","ANA","00u10","15u30","15u40",,,,,,,,,,,,"03u04","02u46","2304"
"23/0","VHO+2303","AVO","00u05","05u03","05u08",,,,,,,,,,,,"06u16","01u00","2303"
"23/0","VHO+2303","LED","00u30","05u08","05u38","4501","4501U0508",,,,"standaard","Garage Van Hoorebeke","VHO276","Brugge Station","BGGstn",17,"06u16","01u00","2303"
"23/0","VHO+2303","RIT","00u46","05u38","06u24","4501","4501U0508","50","02","30","standaard","Brugge Station","BGGstn","Eeklo Station","EEKstn",28.902,"06u16","01u00","2303"
"23/0","VHO+2303","STA","00u02","06u24","06u26",,,,,,,,,,,,"06u16","01u00","2303"
"23/0","VHO+2303","RIT","00u39","06u26","07u05","4501","4501U0508","50","04b","32","standaard","Eeklo Station","EEKstn","Gent Sint-Pietersstation","GNTs2a",22.451,"06u16","01u00","2303"
"23/0","VHO+2303","STA","00u09","07u05","07u14",,,,,,,,,,,,"06u16","01u00","2303"
"23/0","VHO+2303","RIT","00u43","07u14","07u57","4501","4501U0508","50","01a","151","standaard","Gent Sint Pietersstation","GNTs1a","Eeklo Station","EEKstn",22.447,"06u16","01u00","2303"
"23/0","VHO+2303","STA","00u02","07u57","07u59",,,,,,,,,,,,"06u16","01u00","2303"
"23/0","VHO+2303","RIT","01u01","07u59","09u00","4501","4501U0508","50","03","153","standaard","Eeklo Station","EEKstn","Brugge Station","BGGstn",28.597,"06u16","01u00","2303"
"23/0","VHO+2303","STA","00u41","09u00","09u41",,,,,,,,,,,,"06u16","01u00","2303"
"23/0","VHO+2303","RIT","00u53","09u41","10u34","4501","4501U0508","50","02","290","standaard","Brugge Station","BGGstn","Eeklo Station","EEKstn",28.902,"06u16","01u00","2303"
"23/0","VHO+2303","STA","00u02","10u34","10u36",,,,,,,,,,,,"06u16","01u00","2303"
"23/0","VHO+2303","RIT","00u40","10u36","11u16","4501","4501U0508","50","04b","292","standaard","Eeklo Station","EEKstn","Gent Sint-Pietersstation","GNTs2a",22.451,"06u16","01u00","2303"
"23/0","VHO+2303","STA","00u32","11u16","11u48",,,,,,,,,,,,"06u16","01u00","2303"
"23/0","VHO+2303","RIT","00u40","11u48","12u28","4501","4501U0508","50","01a","441","standaard","Gent Sint Pietersstation","GNTs1a","Eeklo Station","EEKstn",22.447,"06u16","01u00","2303"
"23/0","VHO+2303","STA","00u02","12u28","12u30",,,,,,,,,,,,"06u16","01u00","2303"
"23/0","VHO+2303","RIT","00u54","12u30","13u24","4501","4501U0508","50","03","443","standaard","Eeklo Station","EEKstn","Brugge Station","BGGstn",28.597,"06u16","01u00","2303"
"23/0","VHO+2303","LED","00u30","13u24","13u54","4501","4501U0508",,,,"standaard","Brugge Station","BGGstn","Garage Van Hoorebeke","VHO276",17,"06u16","01u00","2303"
"23/0","VHO+2303","ANA","00u10","13u54","14u04",,,,,,,,,,,,"06u16","01u00","2303"
"23/0","VHO+2302","AVO","00u05","05u01","05u06",,,,,,,,,,,,"05u22","02u22","2302"
"23/0","VHO+2302","LED","00u05","05u06","05u11","4600","4600U0506",,,,"geleed","Garage Van Hoorebeke","VHO276","Maldegem Markt","MDGmk2",3.502,"05u22","02u22","2302"
"23/0","VHO+2302","RIT","00u58","05u11","06u09","4600","4600U0506","50","06","20","geleed","Maldegem Markt","MDGmk2","Gent Sint-Pietersstation","GNTs2a",34.108,"05u22","02u22","2302"
"23/0","VHO+2302","STA","00u11","06u09","06u20",,,,,,,,,,,,"05u22","02u22","2302"
"23/0","VHO+2302","RIT","00u36","06u20","06u56","4600","4600U0506","50","01a","61","geleed","Gent Sint Pietersstation","GNTs1a","Eeklo Station","EEKstn",22.447,"05u22","02u22","2302"
"23/0","VHO+2302","STA","00u02","06u56","06u58",,,,,,,,,,,,"05u22","02u22","2302"
"23/0","VHO+2302","RIT","00u59","06u58","07u57","4600","4600U0506","50","03","63","geleed","Eeklo Station","EEKstn","Brugge Station","BGGstn",28.597,"05u22","02u22","2302"
"23/0","VHO+2302","LED","00u30","07u57","08u27","4600","4600U0506",,,,"geleed","Brugge Station","BGGstn","Garage Van Hoorebeke","VHO276",17,"05u22","02u22","2302"
"23/0","VHO+2302","ONE","03u05","08u27","11u32",,,,,,,,,,,,"05u22","02u22","2302"
"23/0","VHO+2302","ATU","00u15","11u32","11u47",,,,,,,,,,,,"05u22","02u22","2302"
"23/0","VHO+2302","LED","00u15","11u47","12u02","4611","4611U1147",,,,"geleed","Garage Van Hoorebeke","VHO276","Eeklo Watertoren","EEKwat",9.009,"05u22","02u22","2302"
"23/0","VHO+2302","RIT","00u46","12u02","12u48","4611","4611U1147","50","08","440","geleed","Eeklo Watertoren","EEKwat","Gent Sint-Pietersstation","GNTs2a",24.424,"05u22","02u22","2302"
"23/0","VHO+2302","STA","00u07","12u48","12u55",,,,,,,,,,,,"05u22","02u22","2302"
"23/0","VHO+2302","RIT","00u42","12u55","13u37","4611","4611U1147","801","01","41","geleed","Gent Sint Pietersstation","GNTs1a","Lotenhulle Guldensporenplein","LOHgul",22.844,"05u22","02u22","2302"
"23/0","VHO+2302","LED","00u21","13u37","13u58","4611","4611U1147",,,,"geleed","Lotenhulle Guldensporenplein","LOHgul","Garage Van Hoorebeke","VHO276",19.337,"05u22","02u22","2302"
"23/0","VHO+2302","ONV","04u42","13u58","18u40",,,,,,,,,,,,"05u22","02u22","2302"
"23/0","VHO+2302","LED","00u41","18u40","19u21","4616","4616U1840",,,,"geleed","Garage Van Hoorebeke","VHO276","Gent Sint Pietersstation","GNTs1a",30.075,"05u22","02u22","2302"
"23/0","VHO+2302","RIT","00u35","19u21","19u56","4616","4616U1840","50","01a","981","geleed","Gent Sint Pietersstation","GNTs1a","Eeklo Station","EEKstn",22.447,"05u22","02u22","2302"
"23/0","VHO+2302","STA","00u02","19u56","19u58",,,,,,,,,,,,"05u22","02u22","2302"
"23/0","VHO+2302","RIT","00u46","19u58","20u44","4616","4616U1840","50","03","983","geleed","Eeklo Station","EEKstn","Brugge Station","BGGstn",28.597,"05u22","02u22","2302"
"23/0","VHO+2302","LED","00u30","20u44","21u14","4616","4616U1840",,,,"geleed","Brugge Station","BGGstn","Garage Van Hoorebeke","VHO276",17,"05u22","02u22","2302"
"23/0","VHO+2302","ANA","00u10","21u14","21u24",,,,,,,,,,,,"05u22","02u22","2302"
"23/0","VHO+2301","AVO","00u05","04u31","04u36",,,,,,,,,,,,"06u32","00u56","2301"
"23/0","VHO+2301","LED","00u05","04u36","04u41","4500","4500U0436",,,,"standaard","Garage Van Hoorebeke","VHO276","Maldegem Markt","MDGmk2",3.502,"06u32","00u56","2301"
"23/0","VHO+2301","RIT","00u58","04u41","05u39","4500","4500U0436","50","06","10","standaard","Maldegem Markt","MDGmk2","Gent Sint-Pietersstation","GNTs2a",34.108,"06u32","00u56","2301"
"23/0","VHO+2301","STA","00u14","05u39","05u53",,,,,,,,,,,,"06u32","00u56","2301"
"23/0","VHO+2301","RIT","00u35","05u53","06u28","4500","4500U0436","50","01a","41","standaard","Gent Sint Pietersstation","GNTs1a","Eeklo Station","EEKstn",22.447,"06u32","00u56","2301"
"23/0","VHO+2301","STA","00u02","06u28","06u30",,,,,,,,,,,,"06u32","00u56","2301"
"23/0","VHO+2301","RIT","00u52","06u30","07u22","4500","4500U0436","50","03","43","standaard","Eeklo Station","EEKstn","Brugge Station","BGGstn",28.597,"06u32","00u56","2301"
"23/0","VHO+2301","LED","00u30","07u22","07u52","4500","4500U0436",,,,"standaard","Brugge Station","BGGstn","Garage Van Hoorebeke","VHO276",17,"06u32","00u56","2301"
"23/0","VHO+2301","ONE","03u39","07u52","11u31",,,,,,,,,,,,"06u32","00u56","2301"
"23/0","VHO+2301","ATU","00u15","11u31","11u46",,,,,,,,,,,,"06u32","00u56","2301"
"23/0","VHO+2301","LED","00u15","11u46","12u01","4610","4610U1146",,,,"geleed","Garage Van Hoorebeke","VHO276","Eeklo Watertoren","EEKwat",9.009,"06u32","00u56","2301"
"23/0","VHO+2301","RIT","01u00","12u01","13u01","4610","4610U1146","50","09","471","geleed","Eeklo Watertoren","EEKwat","Brugge Station","BGGstn",32.289,"06u32","00u56","2301"
"23/0","VHO+2301","STA","00u04","13u01","13u05",,,,,,,,,,,,"06u32","00u56","2301"
"23/0","VHO+2301","RIT","00u30","13u05","13u35","4610","4610U1146","50","02a","540","geleed","Brugge Station","BGGstn","Maldegem Station","MDGstn",17.863,"06u32","00u56","2301"
"23/0","VHO+2301","LED","00u02","13u35","13u37","4610","4610U1146",,,,"geleed","Maldegem Station","MDGstn","Garage Van Hoorebeke","VHO276",0.6860000000000001,"06u32","00u56","2301"
"23/0","VHO+2301","ONV","02u31","13u37","16u08",,,,,,,,,,,,"06u32","00u56","2301"
"23/0","VHO+2301","LED","00u02","16u08","16u10","4515","4515U1608",,,,"standaard","Garage Van Hoorebeke","VHO276","Maldegem Markt","MDGmkt",1.885,"06u32","00u56","2301"
"23/0","VHO+2301","RIT","00u27","16u10","16u37","4515","4515U1608","87","01","31","standaard","Maldegem Markt","MDGmkt","Aalter Station","AATstn",14.552,"06u32","00u56","2301"
"23/0","VHO+2301","STA","00u05","16u37","16u42",,,,,,,,,,,,"06u32","00u56","2301"
"23/0","VHO+2301","RIT","00u26","16u42","17u08","4515","4515U1608","87","02","20","standaard","Aalter Station","AATstn","Maldegem Markt","MDGmkt",14.844,"06u32","00u56","2301"
"23/0","VHO+2301","STA","00u02","17u08","17u10",,,,,,,,,,,,"06u32","00u56","2301"
"23/0","VHO+2301","RIT","00u27","17u10","17u37","4515","4515U1608","87","01","41","standaard","Maldegem Markt","MDGmkt","Aalter Station","AATstn",14.552,"06u32","00u56","2301"
"23/0","VHO+2301","STA","00u08","17u37","17u45",,,,,,,,,,,,"06u32","00u56","2301"
"23/0","VHO+2301","RIT","00u26","17u45","18u11","4515","4515U1608","87","02","30","standaard","Aalter Station","AATstn","Maldegem Markt","MDGmkt",14.844,"06u32","00u56","2301"
"23/0","VHO+2301","STA","00u02","18u11","18u13",,,,,,,,,,,,"06u32","00u56","2301"
"23/0","VHO+2301","RIT","00u27","18u13","18u40","4515","4515U1608","87","01","51","standaard","Maldegem Markt","MDGmkt","Aalter Station","AATstn",14.552,"06u32","00u56","2301"
"23/0","VHO+2301","STA","00u05","18u40","18u45",,,,,,,,,,,,"06u32","00u56","2301"
"23/0","VHO+2301","RIT","00u24","18u45","19u09","4515","4515U1608","87","02","40","standaard","Aalter Station","AATstn","Maldegem Markt","MDGmkt",14.844,"06u32","00u56","2301"
"23/0","VHO+2301","LED","00u02","19u09","19u11","4515","4515U1608",,,,"standaard","Maldegem Markt","MDGmkt","Garage Van Hoorebeke","VHO276",0.414,"06u32","00u56","2301"
"23/0","VHO+2301","ANA","00u10","19u11","19u21",,,,,,,,,,,,"06u32","00u56","2301"
"25/0","VHO+2117","AVO","00u05","16u19","16u24",,,,,,,,,,,,"07u12","00u59","2517"
"25/0","VHO+2117","LED","00u14","16u24","16u38","4513","4513U1624",,,,"standaard","Garage Van Hoorebeke","VHO276","Eeklo Station","EEKstn",9.673,"07u12","00u59","2517"
"25/0","VHO+2117","RIT","01u00","16u38","17u38","4513","4513U1624","50","03","801","standaard","Eeklo Station","EEKstn","Brugge Station","BGGstn",28.597,"07u12","00u59","2517"
"25/0","VHO+2117","STA","00u30","17u38","18u08",,,,,,,,,,,,"07u12","00u59","2517"
"25/0","VHO+2117","RIT","00u58","18u08","19u06","4513","4513U1624","50","02","930","standaard","Brugge Station","BGGstn","Eeklo Station","EEKstn",28.902,"07u12","00u59","2517"
"25/0","VHO+2117","STA","00u02","19u06","19u08",,,,,,,,,,,,"07u12","00u59","2517"
"25/0","VHO+2117","RIT","00u37","19u08","19u45","4513","4513U1624","50","04b","932","standaard","Eeklo Station","EEKstn","Gent Sint-Pietersstation","GNTs2a",22.451,"07u12","00u59","2517"
"25/0","VHO+2117","STA","00u32","19u45","20u17",,,,,,,,,,,,"07u12","00u59","2517"
"25/0","VHO+2117","RIT","00u35","20u17","20u52","4513","4513U1624","50","01a","1021","standaard","Gent Sint Pietersstation","GNTs1a","Eeklo Station","EEKstn",22.447,"07u12","00u59","2517"
"25/0","VHO+2117","STA","00u02","20u52","20u54",,,,,,,,,,,,"07u12","00u59","2517"
"25/0","VHO+2117","RIT","00u46","20u54","21u40","4513","4513U1624","50","03","1023","standaard","Eeklo Station","EEKstn","Brugge Station","BGGstn",28.597,"07u12","00u59","2517"
"25/0","VHO+2117","STA","00u05","21u40","21u45",,,,,,,,,,,,"07u12","00u59","2517"
"25/0","VHO+2117","RIT","00u45","21u45","22u30","4513","4513U1624","50","02","1040","standaard","Brugge Station","BGGstn","Eeklo Station","EEKstn",28.902,"07u12","00u59","2517"
"25/0","VHO+2117","STA","00u02","22u30","22u32",,,,,,,,,,,,"07u12","00u59","2517"
"25/0","VHO+2117","RIT","00u35","22u32","23u07","4513","4513U1624","50","04b","1042","standaard","Eeklo Station","EEKstn","Gent Sint-Pietersstation","GNTs2a",22.451,"07u12","00u59","2517"
"25/0","VHO+2117","STA","00u22","23u07","23u29",,,,,,,,,,,,"07u12","00u59","2517"
"25/0","VHO+2117","RIT","00u58","23u29","24u27","4513","4513U1624","50","07","1081","standaard","Gent Sint Pietersstation","GNTs1a","Maldegem Markt","MDGmkt",33.707,"07u12","00u59","2517"
"25/0","VHO+2117","LED","00u02","24u27","24u29","4513","4513U1624",,,,"standaard","Maldegem Markt","MDGmkt","Garage Van Hoorebeke","VHO276",0.414,"07u12","00u59","2517"
"25/0","VHO+2117","ONS","00u10","24u29","24u39",,,,,,,,,,,,"07u12","00u59","2517"
"25/0","VHO+2117","LED","00u41","24u39","25u20","4516","4516U2439",,,,"standaard","Garage Van Hoorebeke","VHO276","Gent Sint Pietersstation","GNTs1a",30.075,"07u12","00u59","2517"
"25/0","VHO+2117","RIT","00u58","25u20","26u18","4516","4516U2439","50","07","1141","standaard","Gent Sint Pietersstation","GNTs1a","Maldegem Markt","MDGmkt",33.707,"07u12","00u59","2517"
"25/0","VHO+2117","LED","00u02","26u18","26u20","4516","4516U2439",,,,"standaard","Maldegem Markt","MDGmkt","Garage Van Hoorebeke","VHO276",0.414,"07u12","00u59","2517"
"25/0","VHO+2117","ANA","00u10","26u20","26u30",,,,,,,,,,,,"07u12","00u59","2517"
"23/0",,"ANW","00u04","08u34","08u38",,,,,,,,,,,,"05u49","02u08","2313"
"23/0",,"ANW","00u36","08u15","08u51",,,,,,,,,,,,"06u23","01u17","2314"
"23/0",,"ANW","00u30","08u22","08u52",,,,,,,,,,,,"01u48","01u06","2316"
"26/0","VHO+2608","AVO","00u05","17u06","17u11",,,,,,,,,,,,"05u58","01u20","2608"
"26/0","VHO+2608","LED","00u41","17u11","17u52","4501","4501U1711",,,,"standaard","Garage Van Hoorebeke","VHO276","Gent Sint Pietersstation","GNTs1a",30.075,"05u58","01u20","2608"
"26/0","VHO+2608","RIT","00u37","17u52","18u29","4501","4501U1711","50","01a","621","standaard","Gent Sint Pietersstation","GNTs1a","Eeklo Station","EEKstn",22.447,"05u58","01u20","2608"
"26/0","VHO+2608","STA","00u02","18u29","18u31",,,,,,,,,,,,"05u58","01u20","2608"
"26/0","VHO+2608","RIT","00u51","18u31","19u22","4501","4501U1711","50","03","623","standaard","Eeklo Station","EEKstn","Brugge Station","BGGstn",28.597,"05u58","01u20","2608"
"26/0","VHO+2608","STA","00u20","19u22","19u42",,,,,,,,,,,,"05u58","01u20","2608"
"26/0","VHO+2608","RIT","00u47","19u42","20u29","4501","4501U1711","50","02","720","standaard","Brugge Station","BGGstn","Eeklo Station","EEKstn",28.902,"05u58","01u20","2608"
"26/0","VHO+2608","STA","00u02","20u29","20u31",,,,,,,,,,,,"05u58","01u20","2608"
"26/0","VHO+2608","RIT","00u37","20u31","21u08","4501","4501U1711","50","04b","722","standaard","Eeklo Station","EEKstn","Gent Sint-Pietersstation","GNTs2a",22.451,"05u58","01u20","2608"
"26/0","VHO+2608","STA","01u10","21u08","22u18",,,,,,,,,,,,"05u58","01u20","2608"
"26/0","VHO+2608","RIT","00u35","22u18","22u53","4501","4501U1711","50","01a","761","standaard","Gent Sint Pietersstation","GNTs1a","Eeklo Station","EEKstn",22.447,"05u58","01u20","2608"
"26/0","VHO+2608","STA","00u02","22u53","22u55",,,,,,,,,,,,"05u58","01u20","2608"
"26/0","VHO+2608","RIT","00u47","22u55","23u42","4501","4501U1711","50","03","763","standaard","Eeklo Station","EEKstn","Brugge Station","BGGstn",28.597,"05u58","01u20","2608"
"26/0","VHO+2608","STA","00u06","23u42","23u48",,,,,,,,,,,,"05u58","01u20","2608"
"26/0","VHO+2608","RIT","00u46","23u48","24u34","4501","4501U1711","50","02","810","standaard","Brugge Station","BGGstn","Eeklo Station","EEKstn",28.902,"05u58","01u20","2608"
"26/0","VHO+2608","LED","00u37","24u34","25u11","4501","4501U1711",,,,"standaard","Eeklo Station","EEKstn","Gent Sint Pietersstation","GNTs1a",20.518,"05u58","01u20","2608"
"26/0","VHO+2608","STA","00u09","25u11","25u20",,,,,,,,,,,,"05u58","01u20","2608"
"26/0","VHO+2608","RIT","00u58","25u20","26u18","4501","4501U1711","50","07","821","standaard","Gent Sint Pietersstation","GNTs1a","Maldegem Markt","MDGmkt",33.707,"05u58","01u20","2608"
"26/0","VHO+2608","LED","00u02","26u18","26u20","4501","4501U1711",,,,"standaard","Maldegem Markt","MDGmkt","Garage Van Hoorebeke","VHO276",0.414,"05u58","01u20","2608"
"26/0","VHO+2608","ANA","00u10","26u20","26u30",,,,,,,,,,,,"05u58","01u20","2608"
"26/0","VHO+2607","AVO","00u05","15u36","15u41",,,,,,,,,,,,"07u02","00u16","2607"
"26/0","VHO+2607","LED","00u14","15u41","15u55","4500","4500U1541",,,,"standaard","Garage Van Hoorebeke","VHO276","Eeklo Station","EEKstn",9.673,"07u02","00u16","2607"
"26/0","VHO+2607","RIT","00u58","15u55","16u53","4500","4500U1541","50","03","473","standaard","Eeklo Station","EEKstn","Brugge Station","BGGstn",28.597,"07u02","00u16","2607"
"26/0","VHO+2607","STA","00u20","16u53","17u13",,,,,,,,,,,,"07u02","00u16","2607"
"26/0","VHO+2607","RIT","00u52","17u13","18u05","4500","4500U1541","50","02","590","standaard","Brugge Station","BGGstn","Eeklo Station","EEKstn",28.902,"07u02","00u16","2607"
"26/0","VHO+2607","STA","00u02","18u05","18u07",,,,,,,,,,,,"07u02","00u16","2607"
"26/0","VHO+2607","RIT","00u38","18u07","18u45","4500","4500U1541","50","04b","592","standaard","Eeklo Station","EEKstn","Gent Sint-Pietersstation","GNTs2a",22.451,"07u02","00u16","2607"
"26/0","VHO+2607","STA","00u32","18u45","19u17",,,,,,,,,,,,"07u02","00u16","2607"
"26/0","VHO+2607","RIT","00u35","19u17","19u52","4500","4500U1541","50","01a","691","standaard","Gent Sint Pietersstation","GNTs1a","Eeklo Station","EEKstn",22.447,"07u02","00u16","2607"
"26/0","VHO+2607","STA","00u02","19u52","19u54",,,,,,,,,,,,"07u02","00u16","2607"
"26/0","VHO+2607","RIT","00u48","19u54","20u42","4500","4500U1541","50","03","693","standaard","Eeklo Station","EEKstn","Brugge Station","BGGstn",28.597,"07u02","00u16","2607"
"26/0","VHO+2607","STA","01u00","20u42","21u42",,,,,,,,,,,,"07u02","00u16","2607"
"26/0","VHO+2607","RIT","00u46","21u42","22u28","4500","4500U1541","50","02","770","standaard","Brugge Station","BGGstn","Eeklo Station","EEKstn",28.902,"07u02","00u16","2607"
"26/0","VHO+2607","STA","00u02","22u28","22u30",,,,,,,,,,,,"07u02","00u16","2607"
"26/0","VHO+2607","RIT","00u37","22u30","23u07","4500","4500U1541","50","04b","772","standaard","Eeklo Station","EEKstn","Gent Sint-Pietersstation","GNTs2a",22.451,"07u02","00u16","2607"
"26/0","VHO+2607","STA","01u11","23u07","24u18",,,,,,,,,,,,"07u02","00u16","2607"
"26/0","VHO+2607","RIT","00u35","24u18","24u53","4500","4500U1541","50","01a","801","standaard","Gent Sint Pietersstation","GNTs1a","Eeklo Station","EEKstn",22.447,"07u02","00u16","2607"
"26/0","VHO+2607","STA","00u02","24u53","24u55",,,,,,,,,,,,"07u02","00u16","2607"
"26/0","VHO+2607","RIT","00u47","24u55","25u42","4500","4500U1541","50","03","803","standaard","Eeklo Station","EEKstn","Brugge Station","BGGstn",28.597,"07u02","00u16","2607"
"26/0","VHO+2607","STA","00u06","25u42","25u48",,,,,,,,,,,,"07u02","00u16","2607"
"26/0","VHO+2607","RIT","00u26","25u48","26u14","4500","4500U1541","50","02a","850","standaard","Brugge Station","BGGstn","Maldegem Station","MDGstn",17.863,"07u02","00u16","2607"
"26/0","VHO+2607","LED","00u02","26u14","26u16","4500","4500U1541",,,,"standaard","Maldegem Station","MDGstn","Garage Van Hoorebeke","VHO276",0.6860000000000001,"07u02","00u16","2607"
"26/0","VHO+2607","ANA","00u10","26u16","26u26",,,,,,,,,,,,"07u02","00u16","2607"
"26/0","VHO+2606","AVO","00u05","13u05","13u10",,,,,,,,,,,,"05u57","01u00","2606"
"26/0","VHO+2606","LED","00u30","13u10","13u40","4605","4605U1310",,,,"geleed","Garage Van Hoorebeke","VHO276","Brugge Station","BGGstn",17,"05u57","01u00","2606"
"26/0","VHO+2606","RIT","00u52","13u40","14u32","4605","4605U1310","50","02","380","geleed","Brugge Station","BGGstn","Eeklo Station","EEKstn",28.902,"05u57","01u00","2606"
"26/0","VHO+2606","STA","00u02","14u32","14u34",,,,,,,,,,,,"05u57","01u00","2606"
"26/0","VHO+2606","RIT","00u38","14u34","15u12","4605","4605U1310","50","04b","382","geleed","Eeklo Station","EEKstn","Gent Sint-Pietersstation","GNTs2a",22.451,"05u57","01u00","2606"
"26/0","VHO+2606","STA","00u33","15u12","15u45",,,,,,,,,,,,"05u57","01u00","2606"
"26/0","VHO+2606","RIT","00u37","15u45","16u22","4605","4605U1310","50","01a","501","geleed","Gent Sint Pietersstation","GNTs1a","Eeklo Station","EEKstn",22.447,"05u57","01u00","2606"
"26/0","VHO+2606","STA","00u02","16u22","16u24",,,,,,,,,,,,"05u57","01u00","2606"
"26/0","VHO+2606","RIT","00u58","16u24","17u22","4605","4605U1310","50","03","503","geleed","Eeklo Station","EEKstn","Brugge Station","BGGstn",28.597,"05u57","01u00","2606"
"26/0","VHO+2606","STA","00u20","17u22","17u42",,,,,,,,,,,,"05u57","01u00","2606"
"26/0","VHO+2606","RIT","00u52","17u42","18u34","4605","4605U1310","50","02","620","geleed","Brugge Station","BGGstn","Eeklo Station","EEKstn",28.902,"05u57","01u00","2606"
"26/0","VHO+2606","STA","00u02","18u34","18u36",,,,,,,,,,,,"05u57","01u00","2606"
"26/0","VHO+2606","RIT","00u38","18u36","19u14","4605","4605U1310","50","04b","622","geleed","Eeklo Station","EEKstn","Gent Sint-Pietersstation","GNTs2a",22.451,"05u57","01u00","2606"
"26/0","VHO+2606","STA","01u05","19u14","20u19",,,,,,,,,,,,"05u57","01u00","2606"
"26/0","VHO+2606","RIT","00u35","20u19","20u54","4605","4605U1310","50","01a","721","geleed","Gent Sint Pietersstation","GNTs1a","Eeklo Station","EEKstn",22.447,"05u57","01u00","2606"
"26/0","VHO+2606","STA","00u02","20u54","20u56",,,,,,,,,,,,"05u57","01u00","2606"
"26/0","VHO+2606","RIT","00u47","20u56","21u43","4605","4605U1310","50","03","723","geleed","Eeklo Station","EEKstn","Brugge Station","BGGstn",28.597,"05u57","01u00","2606"
"26/0","VHO+2606","LED","00u30","21u43","22u13","4605","4605U1310",,,,"geleed","Brugge Station","BGGstn","Garage Van Hoorebeke","VHO276",17,"05u57","01u00","2606"
"26/0","VHO+2606","ANA","00u10","22u13","22u23",,,,,,,,,,,,"05u57","01u00","2606"
"26/0","VHO+2605","AVO","00u05","12u29","12u34",,,,,,,,,,,,"05u25","00u55","2605"
"26/0","VHO+2605","LED","00u41","12u34","13u15","4604","4604U1234",,,,"geleed","Garage Van Hoorebeke","VHO276","Gent Sint Pietersstation","GNTs1a",30.075,"05u25","00u55","2605"
"26/0","VHO+2605","RIT","00u37","13u15","13u52","4604","4604U1234","50","01a","341","geleed","Gent Sint Pietersstation","GNTs1a","Eeklo Station","EEKstn",22.447,"05u25","00u55","2605"
"26/0","VHO+2605","STA","00u02","13u52","13u54",,,,,,,,,,,,"05u25","00u55","2605"
"26/0","VHO+2605","RIT","00u58","13u54","14u52","4604","4604U1234","50","03","343","geleed","Eeklo Station","EEKstn","Brugge Station","BGGstn",28.597,"05u25","00u55","2605"
"26/0","VHO+2605","STA","00u20","14u52","15u12",,,,,,,,,,,,"05u25","00u55","2605"
"26/0","VHO+2605","RIT","00u52","15u12","16u04","4604","4604U1234","50","02","470","geleed","Brugge Station","BGGstn","Eeklo Station","EEKstn",28.902,"05u25","00u55","2605"
"26/0","VHO+2605","STA","00u02","16u04","16u06",,,,,,,,,,,,"05u25","00u55","2605"
"26/0","VHO+2605","RIT","00u38","16u06","16u44","4604","4604U1234","50","04b","472","geleed","Eeklo Station","EEKstn","Gent Sint-Pietersstation","GNTs2a",22.451,"05u25","00u55","2605"
"26/0","VHO+2605","STA","00u34","16u44","17u18",,,,,,,,,,,,"05u25","00u55","2605"
"26/0","VHO+2605","RIT","00u37","17u18","17u55","4604","4604U1234","50","01a","591","geleed","Gent Sint Pietersstation","GNTs1a","Eeklo Station","EEKstn",22.447,"05u25","00u55","2605"
"26/0","VHO+2605","STA","00u02","17u55","17u57",,,,,,,,,,,,"05u25","00u55","2605"
"26/0","VHO+2605","RIT","00u55","17u57","18u52","4604","4604U1234","50","03","593","geleed","Eeklo Station","EEKstn","Brugge Station","BGGstn",28.597,"05u25","00u55","2605"
"26/0","VHO+2605","STA","00u20","18u52","19u12",,,,,,,,,,,,"05u25","00u55","2605"
"26/0","VHO+2605","RIT","00u48","19u12","20u00","4604","4604U1234","50","02","700","geleed","Brugge Station","BGGstn","Eeklo Station","EEKstn",28.902,"05u25","00u55","2605"
"26/0","VHO+2605","LED","00u14","20u00","20u14","4604","4604U1234",,,,"geleed","Eeklo Station","EEKstn","Garage Van Hoorebeke","VHO276",9.9,"05u25","00u55","2605"
"26/0","VHO+2605","ANA","00u10","20u14","20u24",,,,,,,,,,,,"05u25","00u55","2605"
"26/0","VHO+2604","AVO","00u05","08u25","08u30",,,,,,,,,,,,"07u11","00u49","2604"
"26/0","VHO+2604","LED","00u05","08u30","08u35","4603","4603U0830",,,,"geleed","Garage Van Hoorebeke","VHO276","Maldegem Markt","MDGmk2",3.502,"07u11","00u49","2604"
"26/0","VHO+2604","RIT","01u03","08u35","09u38","4603","4603U0830","50","06","80","geleed","Maldegem Markt","MDGmk2","Gent Sint-Pietersstation","GNTs2a",34.108,"07u11","00u49","2604"
"26/0","VHO+2604","STA","00u38","09u38","10u16",,,,,,,,,,,,"07u11","00u49","2604"
"26/0","VHO+2604","RIT","00u37","10u16","10u53","4603","4603U0830","50","01a","171","geleed","Gent Sint Pietersstation","GNTs1a","Eeklo Station","EEKstn",22.447,"07u11","00u49","2604"
"26/0","VHO+2604","STA","00u02","10u53","10u55",,,,,,,,,,,,"07u11","00u49","2604"
"26/0","VHO+2604","RIT","00u56","10u55","11u51","4603","4603U0830","50","03","173","geleed","Eeklo Station","EEKstn","Brugge Station","BGGstn",28.597,"07u11","00u49","2604"
"26/0","VHO+2604","STA","00u50","11u51","12u41",,,,,,,,,,,,"07u11","00u49","2604"
"26/0","VHO+2604","RIT","00u52","12u41","13u33","4603","4603U0830","50","02","320","geleed","Brugge Station","BGGstn","Eeklo Station","EEKstn",28.902,"07u11","00u49","2604"
"26/0","VHO+2604","STA","00u02","13u33","13u35",,,,,,,,,,,,"07u11","00u49","2604"
"26/0","VHO+2604","RIT","00u38","13u35","14u13","4603","4603U0830","50","04b","322","geleed","Eeklo Station","EEKstn","Gent Sint-Pietersstation","GNTs2a",22.451,"07u11","00u49","2604"
"26/0","VHO+2604","STA","00u32","14u13","14u45",,,,,,,,,,,,"07u11","00u49","2604"
"26/0","VHO+2604","RIT","00u37","14u45","15u22","4603","4603U0830","50","01a","441","geleed","Gent Sint Pietersstation","GNTs1a","Eeklo Station","EEKstn",22.447,"07u11","00u49","2604"
"26/0","VHO+2604","STA","00u02","15u22","15u24",,,,,,,,,,,,"07u11","00u49","2604"
"26/0","VHO+2604","RIT","00u58","15u24","16u22","4603","4603U0830","50","03","443","geleed","Eeklo Station","EEKstn","Brugge Station","BGGstn",28.597,"07u11","00u49","2604"
"26/0","VHO+2604","STA","00u20","16u22","16u42",,,,,,,,,,,,"07u11","00u49","2604"
"26/0","VHO+2604","RIT","00u52","16u42","17u34","4603","4603U0830","50","02","560","geleed","Brugge Station","BGGstn","Eeklo Station","EEKstn",28.902,"07u11","00u49","2604"
"26/0","VHO+2604","STA","00u02","17u34","17u36",,,,,,,,,,,,"07u11","00u49","2604"
"26/0","VHO+2604","RIT","00u38","17u36","18u14","4603","4603U0830","50","04b","562","geleed","Eeklo Station","EEKstn","Gent Sint-Pietersstation","GNTs2a",22.451,"07u11","00u49","2604"
"26/0","VHO+2604","LED","00u44","18u14","18u58","4603","4603U0830",,,,"geleed","Gent Sint-Pietersstation","GNTs2a","Garage Van Hoorebeke","VHO276",36.848,"07u11","00u49","2604"
"26/0","VHO+2604","ANA","00u10","18u58","19u08",,,,,,,,,,,,"07u11","00u49","2604"
"26/0","VHO+2603","AVO","00u05","06u33","06u38",,,,,,,,,,,,"06u41","00u55","2603"
"26/0","VHO+2603","LED","00u41","06u38","07u19","4602","4602U0638",,,,"geleed","Garage Van Hoorebeke","VHO276","Gent Sint Pietersstation","GNTs1a",30.075,"06u41","00u55","2603"
"26/0","VHO+2603","RIT","00u36","07u19","07u55","4602","4602U0638","50","01a","51","geleed","Gent Sint Pietersstation","GNTs1a","Eeklo Station","EEKstn",22.447,"06u41","00u55","2603"
"26/0","VHO+2603","STA","00u02","07u55","07u57",,,,,,,,,,,,"06u41","00u55","2603"
"26/0","VHO+2603","RIT","00u54","07u57","08u51","4602","4602U0638","50","03","53","geleed","Eeklo Station","EEKstn","Brugge Station","BGGstn",28.597,"06u41","00u55","2603"
"26/0","VHO+2603","STA","00u20","08u51","09u11",,,,,,,,,,,,"06u41","00u55","2603"
"26/0","VHO+2603","RIT","00u51","09u11","10u02","4602","4602U0638","50","02","110","geleed","Brugge Station","BGGstn","Eeklo Station","EEKstn",28.902,"06u41","00u55","2603"
"26/0","VHO+2603","STA","00u02","10u02","10u04",,,,,,,,,,,,"06u41","00u55","2603"
"26/0","VHO+2603","RIT","00u38","10u04","10u42","4602","4602U0638","50","04b","112","geleed","Eeklo Station","EEKstn","Gent Sint-Pietersstation","GNTs2a",22.451,"06u41","00u55","2603"
"26/0","VHO+2603","STA","00u33","10u42","11u15",,,,,,,,,,,,"06u41","00u55","2603"
"26/0","VHO+2603","RIT","00u37","11u15","11u52","4602","4602U0638","50","01a","231","geleed","Gent Sint Pietersstation","GNTs1a","Eeklo Station","EEKstn",22.447,"06u41","00u55","2603"
"26/0","VHO+2603","STA","00u02","11u52","11u54",,,,,,,,,,,,"06u41","00u55","2603"
"26/0","VHO+2603","RIT","00u58","11u54","12u52","4602","4602U0638","50","03","233","geleed","Eeklo Station","EEKstn","Brugge Station","BGGstn",28.597,"06u41","00u55","2603"
"26/0","VHO+2603","STA","00u20","12u52","13u12",,,,,,,,,,,,"06u41","00u55","2603"
"26/0","VHO+2603","RIT","00u52","13u12","14u04","4602","4602U0638","50","02","350","geleed","Brugge Station","BGGstn","Eeklo Station","EEKstn",28.902,"06u41","00u55","2603"
"26/0","VHO+2603","STA","00u02","14u04","14u06",,,,,,,,,,,,"06u41","00u55","2603"
"26/0","VHO+2603","RIT","00u38","14u06","14u44","4602","4602U0638","50","04b","352","geleed","Eeklo Station","EEKstn","Gent Sint-Pietersstation","GNTs2a",22.451,"06u41","00u55","2603"
"26/0","VHO+2603","STA","00u32","14u44","15u16",,,,,,,,,,,,"06u41","00u55","2603"
"26/0","VHO+2603","RIT","00u37","15u16","15u53","4602","4602U0638","50","01a","471","geleed","Gent Sint Pietersstation","GNTs1a","Eeklo Station","EEKstn",22.447,"06u41","00u55","2603"
"26/0","VHO+2603","LED","00u14","15u53","16u07","4602","4602U0638",,,,"geleed","Eeklo Station","EEKstn","Garage Van Hoorebeke","VHO276",9.9,"06u41","00u55","2603"
"26/0","VHO+2603","ANA","00u10","16u07","16u17",,,,,,,,,,,,"06u41","00u55","2603"
"26/0","VHO+2602","AVO","00u05","06u04","06u09",,,,,,,,,,,,"02u57","01u00","2602"
"26/0","VHO+2602","LED","00u30","06u09","06u39","4601","4601U0609",,,,"geleed","Garage Van Hoorebeke","VHO276","Brugge Station","BGGstn",17,"02u57","01u00","2602"
"26/0","VHO+2602","RIT","00u46","06u39","07u25","4601","4601U0609","50","02","30","geleed","Brugge Station","BGGstn","Eeklo Station","EEKstn",28.902,"02u57","01u00","2602"
"26/0","VHO+2602","STA","00u02","07u25","07u27",,,,,,,,,,,,"02u57","01u00","2602"
"26/0","VHO+2602","RIT","00u38","07u27","08u05","4601","4601U0609","50","04b","32","geleed","Eeklo Station","EEKstn","Gent Sint-Pietersstation","GNTs2a",22.451,"02u57","01u00","2602"
"26/0","VHO+2602","STA","00u40","08u05","08u45",,,,,,,,,,,,"02u57","01u00","2602"
"26/0","VHO+2602","RIT","00u37","08u45","09u22","4601","4601U0609","50","01a","91","geleed","Gent Sint Pietersstation","GNTs1a","Eeklo Station","EEKstn",22.447,"02u57","01u00","2602"
"26/0","VHO+2602","STA","00u02","09u22","09u24",,,,,,,,,,,,"02u57","01u00","2602"
"26/0","VHO+2602","RIT","00u56","09u24","10u20","4601","4601U0609","50","03","93","geleed","Eeklo Station","EEKstn","Brugge Station","BGGstn",28.597,"02u57","01u00","2602"
"26/0","VHO+2602","LED","00u30","10u20","10u50","4601","4601U0609",,,,"geleed","Brugge Station","BGGstn","Garage Van Hoorebeke","VHO276",17,"02u57","01u00","2602"
"26/0","VHO+2602","ANA","00u10","10u50","11u00",,,,,,,,,,,,"02u57","01u00","2602"
"26/0","VHO+2601","AVO","00u05","05u38","05u43",,,,,,,,,,,,"04u27","01u11","2601"
"26/0","VHO+2601","LED","00u41","05u43","06u24","4600","4600U0543",,,,"geleed","Garage Van Hoorebeke","VHO276","Gent Sint Pietersstation","GNTs1a",30.075,"04u27","01u11","2601"
"26/0","VHO+2601","RIT","00u35","06u24","06u59","4600","4600U0543","50","01a","31","geleed","Gent Sint Pietersstation","GNTs1a","Eeklo Station","EEKstn",22.447,"04u27","01u11","2601"
"26/0","VHO+2601","STA","00u02","06u59","07u01",,,,,,,,,,,,"04u27","01u11","2601"
"26/0","VHO+2601","RIT","00u50","07u01","07u51","4600","4600U0543","50","03","33","geleed","Eeklo Station","EEKstn","Brugge Station","BGGstn",28.597,"04u27","01u11","2601"
"26/0","VHO+2601","STA","00u48","07u51","08u39",,,,,,,,,,,,"04u27","01u11","2601"
"26/0","VHO+2601","RIT","00u51","08u39","09u30","4600","4600U0543","50","02","90","geleed","Brugge Station","BGGstn","Eeklo Station","EEKstn",28.902,"04u27","01u11","2601"
"26/0","VHO+2601","STA","00u02","09u30","09u32",,,,,,,,,,,,"04u27","01u11","2601"
"26/0","VHO+2601","RIT","00u38","09u32","10u10","4600","4600U0543","50","04b","92","geleed","Eeklo Station","EEKstn","Gent Sint-Pietersstation","GNTs2a",22.451,"04u27","01u11","2601"
"26/0","VHO+2601","STA","00u35","10u10","10u45",,,,,,,,,,,,"04u27","01u11","2601"
"26/0","VHO+2601","RIT","00u37","10u45","11u22","4600","4600U0543","50","01a","201","geleed","Gent Sint Pietersstation","GNTs1a","Eeklo Station","EEKstn",22.447,"04u27","01u11","2601"
"26/0","VHO+2601","STA","00u02","11u22","11u24",,,,,,,,,,,,"04u27","01u11","2601"
"26/0","VHO+2601","RIT","00u56","11u24","12u20","4600","4600U0543","50","03","203","geleed","Eeklo Station","EEKstn","Brugge Station","BGGstn",28.597,"04u27","01u11","2601"
"26/0","VHO+2601","LED","00u30","12u20","12u50","4600","4600U0543",,,,"geleed","Brugge Station","BGGstn","Garage Van Hoorebeke","VHO276",17,"04u27","01u11","2601"
"26/0","VHO+2601","ANA","00u10","12u50","13u00",,,,,,,,,,,,"04u27","01u11","2601"
"27/0","VHO+2705","AVO","00u05","14u36","14u41",,,,,,,,,,,,"06u40","00u43","2705"
"27/0","VHO+2705","LED","00u41","14u41","15u22","4500","4500U1441",,,,"standaard","Garage Van Hoorebeke","VHO276","Gent Sint Pietersstation","GNTs1a",30.075,"06u40","00u43","2705"
"27/0","VHO+2705","RIT","00u37","15u22","15u59","4500","4500U1441","50","01a","271","standaard","Gent Sint Pietersstation","GNTs1a","Eeklo Station","EEKstn",22.447,"06u40","00u43","2705"
"27/0","VHO+2705","STA","00u02","15u59","16u01",,,,,,,,,,,,"06u40","00u43","2705"
"27/0","VHO+2705","RIT","00u52","16u01","16u53","4500","4500U1441","50","03","273","standaard","Eeklo Station","EEKstn","Brugge Station","BGGstn",28.597,"06u40","00u43","2705"
"27/0","VHO+2705","STA","00u45","16u53","17u38",,,,,,,,,,,,"06u40","00u43","2705"
"27/0","VHO+2705","RIT","00u51","17u38","18u29","4500","4500U1441","50","02","360","standaard","Brugge Station","BGGstn","Eeklo Station","EEKstn",28.902,"06u40","00u43","2705"
"27/0","VHO+2705","STA","00u02","18u29","18u31",,,,,,,,,,,,"06u40","00u43","2705"
"27/0","VHO+2705","RIT","00u37","18u31","19u08","4500","4500U1441","50","04b","362","standaard","Eeklo Station","EEKstn","Gent Sint-Pietersstation","GNTs2a",22.451,"06u40","00u43","2705"
"27/0","VHO+2705","STA","00u14","19u08","19u22",,,,,,,,,,,,"06u40","00u43","2705"
"27/0","VHO+2705","RIT","00u35","19u22","19u57","4500","4500U1441","50","01a","431","standaard","Gent Sint Pietersstation","GNTs1a","Eeklo Station","EEKstn",22.447,"06u40","00u43","2705"
"27/0","VHO+2705","STA","00u02","19u57","19u59",,,,,,,,,,,,"06u40","00u43","2705"
"27/0","VHO+2705","RIT","00u48","19u59","20u47","4500","4500U1441","50","03","433","standaard","Eeklo Station","EEKstn","Brugge Station","BGGstn",28.597,"06u40","00u43","2705"
"27/0","VHO+2705","STA","00u54","20u47","21u41",,,,,,,,,,,,"06u40","00u43","2705"
"27/0","VHO+2705","RIT","00u46","21u41","22u27","4500","4500U1441","50","02","470","standaard","Brugge Station","BGGstn","Eeklo Station","EEKstn",28.902,"06u40","00u43","2705"
"27/0","VHO+2705","STA","00u02","22u27","22u29",,,,,,,,,,,,"06u40","00u43","2705"
"27/0","VHO+2705","RIT","00u35","22u29","23u04","4500","4500U1441","50","04b","472","standaard","Eeklo Station","EEKstn","Gent Sint-Pietersstation","GNTs2a",22.451,"06u40","00u43","2705"
"27/0","VHO+2705","STA","00u15","23u04","23u19",,,,,,,,,,,,"06u40","00u43","2705"
"27/0","VHO+2705","RIT","00u59","23u19","24u18","4500","4500U1441","50","07","511","standaard","Gent Sint Pietersstation","GNTs1a","Maldegem Markt","MDGmkt",33.707,"06u40","00u43","2705"
"27/0","VHO+2705","LED","00u02","24u18","24u20","4500","4500U1441",,,,"standaard","Maldegem Markt","MDGmkt","Garage Van Hoorebeke","VHO276",0.414,"06u40","00u43","2705"
"27/0","VHO+2705","ANA","00u10","24u20","24u30",,,,,,,,,,,,"06u40","00u43","2705"
"27/0","VHO+2704","AVO","00u05","14u03","14u08",,,,,,,,,,,,"05u49","01u00","2704"
"27/0","VHO+2704","LED","00u30","14u08","14u38","4603","4603U1408",,,,"geleed","Garage Van Hoorebeke","VHO276","Brugge Station","BGGstn",17,"05u49","01u00","2704"
"27/0","VHO+2704","RIT","00u51","14u38","15u29","4603","4603U1408","50","02","240","geleed","Brugge Station","BGGstn","Eeklo Station","EEKstn",28.902,"05u49","01u00","2704"
"27/0","VHO+2704","STA","00u02","15u29","15u31",,,,,,,,,,,,"05u49","01u00","2704"
"27/0","VHO+2704","RIT","00u38","15u31","16u09","4603","4603U1408","50","04b","242","geleed","Eeklo Station","EEKstn","Gent Sint-Pietersstation","GNTs2a",22.451,"05u49","01u00","2704"
"27/0","VHO+2704","STA","00u13","16u09","16u22",,,,,,,,,,,,"05u49","01u00","2704"
"27/0","VHO+2704","RIT","00u37","16u22","16u59","4603","4603U1408","50","01a","311","geleed","Gent Sint Pietersstation","GNTs1a","Eeklo Station","EEKstn",22.447,"05u49","01u00","2704"
"27/0","VHO+2704","STA","00u02","16u59","17u01",,,,,,,,,,,,"05u49","01u00","2704"
"27/0","VHO+2704","RIT","00u52","17u01","17u53","4603","4603U1408","50","03","313","geleed","Eeklo Station","EEKstn","Brugge Station","BGGstn",28.597,"05u49","01u00","2704"
"27/0","VHO+2704","STA","00u45","17u53","18u38",,,,,,,,,,,,"05u49","01u00","2704"
"27/0","VHO+2704","RIT","00u51","18u38","19u29","4603","4603U1408","50","02","400","geleed","Brugge Station","BGGstn","Eeklo Station","EEKstn",28.902,"05u49","01u00","2704"
"27/0","VHO+2704","STA","00u02","19u29","19u31",,,,,,,,,,,,"05u49","01u00","2704"
"27/0","VHO+2704","RIT","00u37","19u31","20u08","4603","4603U1408","50","04b","402","geleed","Eeklo Station","EEKstn","Gent Sint-Pietersstation","GNTs2a",22.451,"05u49","01u00","2704"
"27/0","VHO+2704","STA","00u14","20u08","20u22",,,,,,,,,,,,"05u49","01u00","2704"
"27/0","VHO+2704","RIT","00u35","20u22","20u57","4603","4603U1408","50","01a","461","geleed","Gent Sint Pietersstation","GNTs1a","Eeklo Station","EEKstn",22.447,"05u49","01u00","2704"
"27/0","VHO+2704","STA","00u02","20u57","20u59",,,,,,,,,,,,"05u49","01u00","2704"
"27/0","VHO+2704","RIT","00u48","20u59","21u47","4603","4603U1408","50","03","463","geleed","Eeklo Station","EEKstn","Brugge Station","BGGstn",28.597,"05u49","01u00","2704"
"27/0","VHO+2704","LED","00u30","21u47","22u17","4603","4603U1408",,,,"geleed","Brugge Station","BGGstn","Garage Van Hoorebeke","VHO276",17,"05u49","01u00","2704"
"27/0","VHO+2704","ANA","00u10","22u17","22u27",,,,,,,,,,,,"05u49","01u00","2704"
"27/0","VHO+2703","AVO","00u05","12u03","12u08",,,,,,,,,,,,"04u27","01u14","2703"
"27/0","VHO+2703","LED","00u30","12u08","12u38","4602","4602U1208",,,,"geleed","Garage Van Hoorebeke","VHO276","Brugge Station","BGGstn",17,"04u27","01u14","2703"
"27/0","VHO+2703","RIT","00u51","12u38","13u29","4602","4602U1208","50","02","160","geleed","Brugge Station","BGGstn","Eeklo Station","EEKstn",28.902,"04u27","01u14","2703"
"27/0","VHO+2703","STA","00u02","13u29","13u31",,,,,,,,,,,,"04u27","01u14","2703"
"27/0","VHO+2703","RIT","00u38","13u31","14u09","4602","4602U1208","50","04b","162","geleed","Eeklo Station","EEKstn","Gent Sint-Pietersstation","GNTs2a",22.451,"04u27","01u14","2703"
"27/0","VHO+2703","STA","00u13","14u09","14u22",,,,,,,,,,,,"04u27","01u14","2703"
"27/0","VHO+2703","RIT","00u37","14u22","14u59","4602","4602U1208","50","01a","231","geleed","Gent Sint Pietersstation","GNTs1a","Eeklo Station","EEKstn",22.447,"04u27","01u14","2703"
"27/0","VHO+2703","STA","00u02","14u59","15u01",,,,,,,,,,,,"04u27","01u14","2703"
"27/0","VHO+2703","RIT","00u52","15u01","15u53","4602","4602U1208","50","03","233","geleed","Eeklo Station","EEKstn","Brugge Station","BGGstn",28.597,"04u27","01u14","2703"
"27/0","VHO+2703","STA","00u46","15u53","16u39",,,,,,,,,,,,"04u27","01u14","2703"
"27/0","VHO+2703","RIT","00u51","16u39","17u30","4602","4602U1208","50","02","320","geleed","Brugge Station","BGGstn","Eeklo Station","EEKstn",28.902,"04u27","01u14","2703"
"27/0","VHO+2703","STA","00u02","17u30","17u32",,,,,,,,,,,,"04u27","01u14","2703"
"27/0","VHO+2703","RIT","00u38","17u32","18u10","4602","4602U1208","50","04b","322","geleed","Eeklo Station","EEKstn","Gent Sint-Pietersstation","GNTs2a",22.451,"04u27","01u14","2703"
"27/0","VHO+2703","LED","00u44","18u10","18u54","4602","4602U1208",,,,"geleed","Gent Sint-Pietersstation","GNTs2a","Garage Van Hoorebeke","VHO276",36.848,"04u27","01u14","2703"
"27/0","VHO+2703","ANA","00u10","18u54","19u04",,,,,,,,,,,,"04u27","01u14","2703"
"27/0","VHO+2702","AVO","00u05","06u47","06u52",,,,,,,,,,,,"05u26","00u35","2702"
"27/0","VHO+2702","LED","00u05","06u52","06u57","4601","4601U0652",,,,"geleed","Garage Van Hoorebeke","VHO276","Maldegem Markt","MDGmk2",3.502,"05u26","00u35","2702"
"27/0","VHO+2702","RIT","01u00","06u57","07u57","4601","4601U0652","50","06","20","geleed","Maldegem Markt","MDGmk2","Gent Sint-Pietersstation","GNTs2a",34.108,"05u26","00u35","2702"
"27/0","VHO+2702","STA","00u25","07u57","08u22",,,,,,,,,,,,"05u26","00u35","2702"
"27/0","VHO+2702","RIT","00u37","08u22","08u59","4601","4601U0652","50","01a","61","geleed","Gent Sint Pietersstation","GNTs1a","Eeklo Station","EEKstn",22.447,"05u26","00u35","2702"
"27/0","VHO+2702","STA","00u02","08u59","09u01",,,,,,,,,,,,"05u26","00u35","2702"
"27/0","VHO+2702","RIT","00u51","09u01","09u52","4601","4601U0652","50","03","63","geleed","Eeklo Station","EEKstn","Brugge Station","BGGstn",28.597,"05u26","00u35","2702"
"27/0","VHO+2702","STA","00u46","09u52","10u38",,,,,,,,,,,,"05u26","00u35","2702"
"27/0","VHO+2702","RIT","00u51","10u38","11u29","4601","4601U0652","50","02","100","geleed","Brugge Station","BGGstn","Eeklo Station","EEKstn",28.902,"05u26","00u35","2702"
"27/0","VHO+2702","STA","00u02","11u29","11u31",,,,,,,,,,,,"05u26","00u35","2702"
"27/0","VHO+2702","RIT","00u38","11u31","12u09","4601","4601U0652","50","04b","102","geleed","Eeklo Station","EEKstn","Gent Sint-Pietersstation","GNTs2a",22.451,"05u26","00u35","2702"
"27/0","VHO+2702","STA","00u13","12u09","12u22",,,,,,,,,,,,"05u26","00u35","2702"
"27/0","VHO+2702","RIT","00u37","12u22","12u59","4601","4601U0652","50","01a","151","geleed","Gent Sint Pietersstation","GNTs1a","Eeklo Station","EEKstn",22.447,"05u26","00u35","2702"
"27/0","VHO+2702","STA","00u02","12u59","13u01",,,,,,,,,,,,"05u26","00u35","2702"
"27/0","VHO+2702","RIT","00u52","13u01","13u53","4601","4601U0652","50","03","153","geleed","Eeklo Station","EEKstn","Brugge Station","BGGstn",28.597,"05u26","00u35","2702"
"27/0","VHO+2702","LED","00u30","13u53","14u23","4601","4601U0652",,,,"geleed","Brugge Station","BGGstn","Garage Van Hoorebeke","VHO276",17,"05u26","00u35","2702"
"27/0","VHO+2702","ANA","00u10","14u23","14u33",,,,,,,,,,,,"05u26","00u35","2702"
"27/0","VHO+2701","AVO","00u05","05u38","05u43",,,,,,,,,,,,"04u21","01u11","2701"
"27/0","VHO+2701","LED","00u41","05u43","06u24","4600","4600U0543",,,,"geleed","Garage Van Hoorebeke","VHO276","Gent Sint Pietersstation","GNTs1a",30.075,"04u21","01u11","2701"
"27/0","VHO+2701","RIT","00u35","06u24","06u59","4600","4600U0543","50","01a","21","geleed","Gent Sint Pietersstation","GNTs1a","Eeklo Station","EEKstn",22.447,"04u21","01u11","2701"
"27/0","VHO+2701","STA","00u02","06u59","07u01",,,,,,,,,,,,"04u21","01u11","2701"
"27/0","VHO+2701","RIT","00u49","07u01","07u50","4600","4600U0543","50","03","23","geleed","Eeklo Station","EEKstn","Brugge Station","BGGstn",28.597,"04u21","01u11","2701"
"27/0","VHO+2701","STA","00u48","07u50","08u38",,,,,,,,,,,,"04u21","01u11","2701"
"27/0","VHO+2701","RIT","00u51","08u38","09u29","4600","4600U0543","50","02","60","geleed","Brugge Station","BGGstn","Eeklo Station","EEKstn",28.902,"04u21","01u11","2701"
"27/0","VHO+2701","STA","00u02","09u29","09u31",,,,,,,,,,,,"04u21","01u11","2701"
"27/0","VHO+2701","RIT","00u38","09u31","10u09","4600","4600U0543","50","04b","62","geleed","Eeklo Station","EEKstn","Gent Sint-Pietersstation","GNTs2a",22.451,"04u21","01u11","2701"
"27/0","VHO+2701","STA","00u13","10u09","10u22",,,,,,,,,,,,"04u21","01u11","2701"
"27/0","VHO+2701","RIT","00u37","10u22","10u59","4600","4600U0543","50","01a","101","geleed","Gent Sint Pietersstation","GNTs1a","Eeklo Station","EEKstn",22.447,"04u21","01u11","2701"
"27/0","VHO+2701","STA","00u02","10u59","11u01",,,,,,,,,,,,"04u21","01u11","2701"
"27/0","VHO+2701","RIT","00u51","11u01","11u52","4600","4600U0543","50","03","103","geleed","Eeklo Station","EEKstn","Brugge Station","BGGstn",28.597,"04u21","01u11","2701"
"27/0","VHO+2701","LED","00u30","11u52","12u22","4600","4600U0543",,,,"geleed","Brugge Station","BGGstn","Garage Van Hoorebeke","VHO276",17,"04u21","01u11","2701"
"27/0","VHO+2701","ANA","00u10","12u22","12u32",,,,,,,,,,,,"04u21","01u11","2701"
"21/0",,"LED","00u02","07u22","07u24","4506","4506U0722",,,,"standaard","Garage Van Hoorebeke",,"Maldegem Markt",,1.885,"01u56","01u06","7414"
"21/0",,"RIT","00u38","07u24","08u02","4506","4506U0722","871","01c","51","standaard","Maldegem Markt",,"Aalter Station",,17.081,"01u56","01u06","7414"
"21/0",,"LED","00u20","08u02","08u22","4506","4506U0722",,,,"standaard","Aalter Station",,"Garage Van Hoorebeke",,14.096,"01u56","01u06","7414"
"21/0",,"ONE","05u33","08u22","13u55",,,,,,,,,,,,"01u56","01u06","7414"
"21/0",,"LED","00u02","16u28","16u30","4511","4511U1628",,,,"standaard","Garage Van Hoorebeke",,"Maldegem Markt",,1.885,"01u56","01u06","7414"
"21/0",,"RIT","01u18","16u30","17u48","4511","4511U1628","871","01","91","standaard","Maldegem Markt",,"Deinze Station",,35.519,"01u56","01u06","7414"
"21/0",,"LED","00u42","17u48","18u30","4511","4511U1628",,,,"standaard","Deinze Station",,"Garage Van Hoorebeke",,29.849,"01u56","01u06","7414"
"34/0","VHO+4107","AVO","00u05","11u11","11u16",,,,,,,,,,,,"05u10","01u49","4407"
"34/0","VHO+4107","LED","00u14","11u16","11u30","4501","4501U1116",,,,"standaard","Garage Van Hoorebeke","VHO276","Eeklo Station","EEKstn",9.673,"05u10","01u49","4407"
"34/0","VHO+4107","RIT","00u28","11u30","11u58","4501","4501U1116","621","01","41","standaard","Eeklo Station","EEKstn","Sint-Margriete Gemeentehuis","SMGgem",16.208,"05u10","01u49","4407"
"34/0","VHO+4107","LED","00u54","11u58","12u52","4501","4501U1116",,,,"standaard","Sint-Margriete Gemeentehuis","SMGgem","Gent Sint Pietersstation","GNTs1a",35.932,"05u10","01u49","4407"
"34/0","VHO+4107","STA","00u28","12u52","13u20",,,,,,,,,,,,"05u10","01u49","4407"
"34/0","VHO+4107","RIT","00u38","13u20","13u58","4501","4501U1116","50","01a","471","standaard","Gent Sint Pietersstation","GNTs1a","Eeklo Station","EEKstn",22.447,"05u10","01u49","4407"
"21/0","VHO+2115","STA","00u47","17u58","18u45",,,,,,,,,,,,"04u29","02u16","2115"
"21/0","VHO+2115","RIT","00u24","18u45","19u09","4510","4510U1513","87","02","40","standaard","Aalter Station","AATstn","Maldegem Markt","MDGmkt",14.844,"04u29","02u16","2115"
"21/0","VHO+2115","LED","00u26","19u09","19u35","4510","4510U1513",,,,"standaard","Maldegem Markt","MDGmkt","Brugge Station","BGGstn",17.547,"04u29","02u16","2115"
"21/0","VHO+2115","STA","00u14","19u35","19u49",,,,,,,,,,,,"04u29","02u16","2115"
"21/0","VHO+2115","RIT","00u45","19u49","20u34","4510","4510U1513","50","02","1000","standaard","Brugge Station","BGGstn","Eeklo Station","EEKstn",28.902,"04u29","02u16","2115"
"21/0","VHO+2115","STA","00u02","20u34","20u36",,,,,,,,,,,,"04u29","02u16","2115"
"21/0","VHO+2115","RIT","00u35","20u36","21u11","4510","4510U1513","50","04b","1002","standaard","Eeklo Station","EEKstn","Gent Sint-Pietersstation","GNTs2a",22.451,"04u29","02u16","2115"
"21/0","VHO+2115","LED","00u44","21u11","21u55","4510","4510U1513",,,,"standaard","Gent Sint-Pietersstation","GNTs2a","Garage Van Hoorebeke","VHO276",36.848,"04u29","02u16","2115"
"21/0","VHO+2115","ANA","00u10","21u55","22u05",,,,,,,,,,,,"04u29","02u16","2115"
"21/0","VHO+2114","AVO","00u05","07u17","07u22",,,,,,,,,,,,"01u56","01u06","2114"
"21/0","VHO+2114","LED","00u02","07u22","07u24","4506","4506U0722",,,,"standaard","Garage Van Hoorebeke","VHO276","Maldegem Markt","MDGmkt",1.885,"01u56","01u06","2114"
"34/0","VHO+4107","STA","00u02","13u58","14u00",,,,,,,,,,,,"05u10","01u49","4407"
"34/0","VHO+4107","RIT","00u52","14u00","14u52","4501","4501U1116","50","03","473","standaard","Eeklo Station","EEKstn","Brugge Station","BGGstn",28.596,"05u10","01u49","4407"
"34/0","VHO+4107","STA","00u20","14u52","15u12",,,,,,,,,,,,"05u10","01u49","4407"
"34/0","VHO+4107","RIT","00u51","15u12","16u03","4501","4501U1116","50","02","600","standaard","Brugge Station","BGGstn","Eeklo Station","EEKstn",28.903,"05u10","01u49","4407"
"34/0","VHO+4107","STA","00u02","16u03","16u05",,,,,,,,,,,,"05u10","01u49","4407"
"34/0","VHO+4107","RIT","00u40","16u05","16u45","4501","4501U1116","50","04b","602","standaard","Eeklo Station","EEKstn","Gent Sint-Pietersstation","GNTs2a",22.452,"05u10","01u49","4407"
"34/0","VHO+4107","LED","00u11","16u45","16u56","4501","4501U1116",,,,"standaard","Gent Sint-Pietersstation","GNTs2a","Zwijnaarde TP Civiele Techniek","ZWNtpc",4.772,"05u10","01u49","4407"
"34/0","VHO+4107","STA","00u42","16u56","17u38",,,,,,,,,,,,"05u10","01u49","4407"
"34/0","VHO+4107","RIT","00u52","17u38","18u30","4501","4501U1116","50","01","741","standaard","Zwijnaarde TP Civiele Techniek","ZWNtpc","Eeklo Station","EEKstn",26.741,"05u10","01u49","4407"
"34/0","VHO+4107","STA","00u02","18u30","18u32",,,,,,,,,,,,"05u10","01u49","4407"
"34/0","VHO+4107","RIT","00u49","18u32","19u21","4501","4501U1116","50","03","743","standaard","Eeklo Station","EEKstn","Brugge Station","BGGstn",28.596,"05u10","01u49","4407"
"34/0","VHO+4107","LED","00u30","19u21","19u51","4501","4501U1116",,,,"standaard","Brugge Station","BGGstn","Garage Van Hoorebeke","VHO276",17,"05u10","01u49","4407"
"34/0","VHO+4107","ANA","00u10","19u51","20u01",,,,,,,,,,,,"05u10","01u49","4407"
"34/0","VHO+4106","AVO","00u05","08u04","08u09",,,,,,,,,,,,"04u28","01u26","4406"
"34/0","VHO+4106","LED","00u28","08u09","08u37","4500","4500U0809",,,,"standaard","Garage Van Hoorebeke","VHO276","Sint-Margriete Gemeentehuis","SMGgem",15.731,"04u28","01u26","4406"
"34/0","VHO+4106","RIT","00u31","08u37","09u08","4500","4500U0809","621","02","40","standaard","Sint-Margriete Gemeentehuis","SMGgem","Eeklo Station","EEKstn",16.614,"04u28","01u26","4406"
"34/0","VHO+4106","LED","00u14","09u08","09u22","4500","4500U0809",,,,"standaard","Eeklo Station","EEKstn","Garage Van Hoorebeke","VHO276",9.9,"04u28","01u26","4406"
"34/0","VHO+4106","ONE","02u35","09u22","11u57",,,,,,,,,,,,"04u28","01u26","4406"
"34/0","VHO+4106","ATU","00u15","11u57","12u12",,,,,,,,,,,,"04u28","01u26","4406"
"34/0","VHO+4106","LED","00u30","12u12","12u42","4605","4605U1212",,,,"geleed","Garage Van Hoorebeke","VHO276","Brugge Station","BGGstn",17,"04u28","01u26","4406"
"34/0","VHO+4106","RIT","00u51","12u42","13u33","4605","4605U1212","50","02","440","geleed","Brugge Station","BGGstn","Eeklo Station","EEKstn",28.903,"04u28","01u26","4406"
"34/0","VHO+4106","STA","00u02","13u33","13u35",,,,,,,,,,,,"04u28","01u26","4406"
"34/0","VHO+4106","RIT","00u40","13u35","14u15","4605","4605U1212","50","04b","442","geleed","Eeklo Station","EEKstn","Gent Sint-Pietersstation","GNTs2a",22.452,"04u28","01u26","4406"
"34/0","VHO+4106","STA","00u33","14u15","14u48",,,,,,,,,,,,"04u28","01u26","4406"
"34/0","VHO+4106","RIT","00u38","14u48","15u26","4605","4605U1212","50","01a","551","geleed","Gent Sint Pietersstation","GNTs1a","Eeklo Station","EEKstn",22.447,"04u28","01u26","4406"
"34/0","VHO+4106","STA","00u02","15u26","15u28",,,,,,,,,,,,"04u28","01u26","4406"
"34/0","VHO+4106","RIT","00u54","15u28","16u22","4605","4605U1212","50","03","553","geleed","Eeklo Station","EEKstn","Brugge Station","BGGstn",28.596,"04u28","01u26","4406"
"34/0","VHO+4106","STA","00u19","16u22","16u41",,,,,,,,,,,,"04u28","01u26","4406"
"34/0","VHO+4106","RIT","00u54","16u41","17u35","4605","4605U1212","50","02","690","geleed","Brugge Station","BGGstn","Eeklo Station","EEKstn",28.903,"04u28","01u26","4406"
"34/0","VHO+4106","LED","00u14","17u35","17u49","4605","4605U1212",,,,"geleed","Eeklo Station","EEKstn","Garage Van Hoorebeke","VHO276",9.9,"04u28","01u26","4406"
"34/0","VHO+4106","ANA","00u10","17u49","17u59",,,,,,,,,,,,"04u28","01u26","4406"
"21/0","VHO+2114","RIT","00u38","07u24","08u02","4506","4506U0722","871","01c","51","standaard","Maldegem Markt","MDGmkt","Aalter Station","AATstn",17.081,"01u56","01u06","2114"
"21/0","VHO+2114","LED","00u20","08u02","08u22","4506","4506U0722",,,,"standaard","Aalter Station","AATstn","Garage Van Hoorebeke","VHO276",14.096,"01u56","01u06","2114"
"21/0","VHO+2114","ONE","07u21","08u52","16u13",,,,,,,,,,,,"01u56","01u06","2114"
"21/0","VHO+2114","ATU","00u15","16u13","16u28",,,,,,,,,,,,"01u56","01u06","2114"
"21/0","VHO+2114","LED","00u02","16u28","16u30","4511","4511U1628",,,,"standaard","Garage Van Hoorebeke","VHO276","Maldegem Markt","MDGmkt",1.885,"01u56","01u06","2114"
"21/0","VHO+2110","ATU","00u15","14u24","14u39",,,,,,,,,,,,"04u09","01u44","2110"
"21/0","VHO+2110","LED","00u30","14u39","15u09","4612","4612U1439",,,,"geleed","Garage Van Hoorebeke","VHO276","Brugge Station","BGGstn",17,"04u09","01u44","2110"
"21/0","VHO+2110","RIT","00u58","15u09","16u07","4612","4612U1439","50","02","670","geleed","Brugge Station","BGGstn","Eeklo Station","EEKstn",28.902,"04u09","01u44","2110"
"21/0","VHO+2110","STA","00u02","16u07","16u09",,,,,,,,,,,,"04u09","01u44","2110"
"21/0","VHO+2110","RIT","00u45","16u09","16u54","4612","4612U1439","50","04b","672","geleed","Eeklo Station","EEKstn","Gent Sint-Pietersstation","GNTs2a",22.451,"04u09","01u44","2110"
"21/0","VHO+2110","LED","00u11","16u54","17u05","4612","4612U1439",,,,"geleed","Gent Sint-Pietersstation","GNTs2a","Zwijnaarde TP Civiele Techniek","ZWNtpc",4.772,"04u09","01u44","2110"
"21/0","VHO+2110","STA","00u23","17u05","17u28",,,,,,,,,,,,"04u09","01u44","2110"
"21/0","VHO+2110","RIT","01u00","17u28","18u28","4612","4612U1439","50","01","861","geleed","Zwijnaarde TP Civiele Techniek","ZWNtpc","Eeklo Station","EEKstn",26.742,"04u09","01u44","2110"
"21/0","VHO+2110","STA","00u02","18u28","18u30",,,,,,,,,,,,"04u09","01u44","2110"
"21/0","VHO+2110","RIT","00u53","18u30","19u23","4612","4612U1439","50","03","863","geleed","Eeklo Station","EEKstn","Brugge Station","BGGstn",28.597,"04u09","01u44","2110"
"21/0","VHO+2110","LED","00u30","19u23","19u53","4612","4612U1439",,,,"geleed","Brugge Station","BGGstn","Garage Van Hoorebeke","VHO276",17,"04u09","01u44","2110"
"21/0","VHO+2110","ANA","00u10","19u53","20u03",,,,,,,,,,,,"04u09","01u44","2110"
"21/0","VHO+2109","AVO","00u05","06u48","06u53",,,,,,,,,,,,"05u05","01u51","2109"
"21/0","VHO+2109","LED","00u36","06u53","07u29","4503","4503U0653",,,,"standaard","Garage Van Hoorebeke","VHO276","Wingene Dorp","WINdor",23.901,"05u05","01u51","2109"
"21/0","VHO+2109","RIT","00u34","07u29","08u03","4503","4503U0653","881","02","10","standaard","Wingene Dorp","WINdor","Aalter Station","AATstn",18.351,"05u05","01u51","2109"
"21/0","VHO+2109","LED","00u20","08u03","08u23","4503","4503U0653",,,,"standaard","Aalter Station","AATstn","Garage Van Hoorebeke","VHO276",14.096,"05u05","01u51","2109"
"21/0","VHO+2109","ONE","04u32","08u23","12u55",,,,,,,,,,,,"05u05","01u51","2109"
"21/0","VHO+2109","ATU","00u15","12u55","13u10",,,,,,,,,,,,"05u05","01u51","2109"
"21/0","VHO+2109","LED","00u30","13u10","13u40","4610","4610U1310",,,,"geleed","Garage Van Hoorebeke","VHO276","Brugge Station","BGGstn",17,"05u05","01u51","2109"
"21/0","VHO+2109","RIT","00u53","13u40","14u33","4610","4610U1310","50","02","580","geleed","Brugge Station","BGGstn","Eeklo Station","EEKstn",28.902,"05u05","01u51","2109"
"21/0","VHO+2109","STA","00u02","14u33","14u35",,,,,,,,,,,,"05u05","01u51","2109"
"21/0","VHO+2109","RIT","00u40","14u35","15u15","4610","4610U1310","50","04b","582","geleed","Eeklo Station","EEKstn","Gent Sint-Pietersstation","GNTs2a",22.451,"05u05","01u51","2109"
"21/0","VHO+2109","LED","00u11","15u15","15u26","4610","4610U1310",,,,"geleed","Gent Sint-Pietersstation","GNTs2a","Zwijnaarde TP Civiele Techniek","ZWNtpc",4.772,"05u05","01u51","2109"
"21/0","VHO+2109","STA","00u28","15u26","15u54",,,,,,,,,,,,"05u05","01u51","2109"
"21/0","VHO+2109","RIT","00u59","15u54","16u53","4610","4610U1310","50","01","721","geleed","Zwijnaarde TP Civiele Techniek","ZWNtpc","Eeklo Station","EEKstn",26.742,"05u05","01u51","2109"
"21/0","VHO+2109","STA","00u02","16u53","16u55",,,,,,,,,,,,"05u05","01u51","2109"
"21/0","VHO+2109","RIT","01u00","16u55","17u55","4610","4610U1310","50","03","723","geleed","Eeklo Station","EEKstn","Brugge Station","BGGstn",28.597,"05u05","01u51","2109"
"21/0","VHO+2109","STA","00u07","17u55","18u02",,,,,,,,,,,,"05u05","01u51","2109"
"21/0","VHO+2109","RIT","00u59","18u02","19u01","4610","4610U1310","50","02","910","geleed","Brugge Station","BGGstn","Eeklo Station","EEKstn",28.902,"05u05","01u51","2109"
"21/0","VHO+2109","LED","00u14","19u01","19u15","4610","4610U1310",,,,"geleed","Eeklo Station","EEKstn","Garage Van Hoorebeke","VHO276",9.9,"05u05","01u51","2109"
"21/0","VHO+2109","ANA","00u10","19u15","19u25",,,,,,,,,,,,"05u05","01u51","2109"
"21/0","VHO+2108","AVO","00u05","06u32","06u37",,,,,,,,,,,,"04u01","02u22","2108"
"21/0","VHO+2108","LED","00u42","06u37","07u19","4605","4605U0637",,,,"geleed","Garage Van Hoorebeke","VHO276","Drongen Rotonde","DROrot",25.662,"04u01","02u22","2108"
"21/0","VHO+2108","RIT","00u41","07u19","08u00","4605","4605U0637","50","11","181","geleed","Drongen Rotonde","DROrot","Eeklo Watertoren","EEKwat",18.597,"04u01","02u22","2108"
"21/0","VHO+2108","LED","00u15","08u00","08u15","4605","4605U0637",,,,"geleed","Eeklo Watertoren","EEKwat","Garage Van Hoorebeke","VHO276",9.647,"04u01","02u22","2108"
"21/0","VHO+2108","ONE","03u37","08u15","11u52",,,,,,,,,,,,"04u01","02u22","2108"
"21/0","VHO+2108","ATU","00u15","11u52","12u07",,,,,,,,,,,,"04u01","02u22","2108"
"21/0","VHO+2108","LED","00u41","12u07","12u48","4608","4608U1207",,,,"geleed","Garage Van Hoorebeke","VHO276","Gent Sint Pietersstation","GNTs1a",30.075,"04u01","02u22","2108"
"21/0","VHO+2108","RIT","00u40","12u48","13u28","4608","4608U1207","50","01a","521","geleed","Gent Sint Pietersstation","GNTs1a","Eeklo Station","EEKstn",22.447,"04u01","02u22","2108"
"21/0","VHO+2108","STA","00u02","13u28","13u30",,,,,,,,,,,,"04u01","02u22","2108"
"21/0","VHO+2108","RIT","00u54","13u30","14u24","4608","4608U1207","50","03","523","geleed","Eeklo Station","EEKstn","Brugge Station","BGGstn",28.597,"04u01","02u22","2108"
"21/0","VHO+2108","STA","01u13","14u24","15u37",,,,,,,,,,,,"04u01","02u22","2108"
"21/0","VHO+2108","RIT","01u01","15u37","16u38","4608","4608U1207","50","02","700","geleed","Brugge Station","BGGstn","Eeklo Station","EEKstn",28.902,"04u01","02u22","2108"
"21/0","VHO+2108","STA","00u02","16u38","16u40",,,,,,,,,,,,"04u01","02u22","2108"
"21/0","VHO+2108","RIT","00u45","16u40","17u25","4608","4608U1207","50","04b","702","geleed","Eeklo Station","EEKstn","Gent Sint-Pietersstation","GNTs2a",22.451,"04u01","02u22","2108"
"21/0","VHO+2108","LED","00u44","17u25","18u09","4608","4608U1207",,,,"geleed","Gent Sint-Pietersstation","GNTs2a","Garage Van Hoorebeke","VHO276",36.848,"04u01","02u22","2108"
"21/0","VHO+2108","ANA","00u10","18u09","18u19",,,,,,,,,,,,"04u01","02u22","2108"
"21/0","VHO+2107","AVO","00u05","06u29","06u34",,,,,,,,,,,,"04u38","01u16","2107"
"21/0","VHO+2107","LED","00u14","06u34","06u48","4604","4604U0634",,,,"geleed","Garage Van Hoorebeke","VHO276","Eeklo Station","EEKstn",9.673,"04u38","01u16","2107"
"21/0","VHO+2107","RIT","00u56","06u48","07u44","4604","4604U0634","50","03","111","geleed","Eeklo Station","EEKstn","Brugge Station","BGGstn",28.597,"04u38","01u16","2107"
"21/0","VHO+2107","LED","00u30","07u44","08u14","4604","4604U0634",,,,"geleed","Brugge Station","BGGstn","Garage Van Hoorebeke","VHO276",17,"04u38","01u16","2107"
"21/0","VHO+2107","ONE","02u40","08u14","10u54",,,,,,,,,,,,"04u38","01u16","2107"
"21/0","VHO+2107","ATU","00u15","10u54","11u09",,,,,,,,,,,,"04u38","01u16","2107"
"21/0","VHO+2107","LED","00u30","11u09","11u39","4507","4507U1109",,,,"standaard","Garage Van Hoorebeke","VHO276","Brugge Station","BGGstn",17,"04u38","01u16","2107"
"21/0","VHO+2107","RIT","00u53","11u39","12u32","4507","4507U1109","50","02","410","standaard","Brugge Station","BGGstn","Eeklo Station","EEKstn",28.902,"04u38","01u16","2107"
"21/0","VHO+2107","STA","00u02","12u32","12u34",,,,,,,,,,,,"04u38","01u16","2107"
"21/0","VHO+2107","RIT","00u40","12u34","13u14","4507","4507U1109","50","04b","412","standaard","Eeklo Station","EEKstn","Gent Sint-Pietersstation","GNTs2a",22.451,"04u38","01u16","2107"
"21/0","VHO+2107","STA","00u34","13u14","13u48",,,,,,,,,,,,"04u38","01u16","2107"
"21/0","VHO+2107","RIT","00u40","13u48","14u28","4507","4507U1109","50","01a","591","standaard","Gent Sint Pietersstation","GNTs1a","Eeklo Station","EEKstn",22.447,"04u38","01u16","2107"
"21/0","VHO+2107","STA","00u02","14u28","14u30",,,,,,,,,,,,"04u38","01u16","2107"
"21/0","VHO+2107","RIT","00u54","14u30","15u24","4507","4507U1109","50","03","593","standaard","Eeklo Station","EEKstn","Brugge Station","BGGstn",28.597,"04u38","01u16","2107"
"21/0","VHO+2107","STA","00u57","15u24","16u21",,,,,,,,,,,,"04u38","01u16","2107"
"21/0","VHO+2107","RIT","00u35","16u21","16u56","4507","4507U1109","50","02a","750","standaard","Brugge Station","BGGstn","Maldegem Station","MDGstn",17.863,"04u38","01u16","2107"
"21/0","VHO+2107","LED","00u02","16u56","16u58","4507","4507U1109",,,,"standaard","Maldegem Station","MDGstn","Garage Van Hoorebeke","VHO276",0.6860000000000001,"04u38","01u16","2107"
"21/0","VHO+2107","ANA","00u10","16u58","17u08",,,,,,,,,,,,"04u38","01u16","2107"
"21/0","VHO+2106","AVO","00u05","06u23","06u28",,,,,,,,,,,,"04u01","00u44","2106"
"21/0","VHO+2106","LED","00u03","06u28","06u31","4603","4603U0628",,,,"geleed","Garage Van Hoorebeke","VHO276","Maldegem Station","MDGstn",1.387,"04u01","00u44","2106"
"21/0","VHO+2106","RIT","00u29","06u31","07u00","4603","4603U0628","50","03a","81","geleed","Maldegem Station","MDGstn","Brugge Station","BGGstn",17.919,"04u01","00u44","2106"
"21/0","VHO+2106","STA","00u05","07u00","07u05",,,,,,,,,,,,"04u01","00u44","2106"
"21/0","VHO+2106","RIT","00u56","07u05","08u01","4603","4603U0628","50","02","120","geleed","Brugge Station","BGGstn","Eeklo Station","EEKstn",28.902,"04u01","00u44","2106"
"21/0","VHO+2106","STA","00u02","08u01","08u03",,,,,,,,,,,,"04u01","00u44","2106"
"21/0","VHO+2106","RIT","01u02","08u03","09u05","4603","4603U0628","50","04a","122","geleed","Eeklo Station","EEKstn","Zwijnaarde TP Civiele Techniek","ZWNtpc",27.415,"04u01","00u44","2106"
"35/0","VHO+4112","AVO","00u05","18u36","18u41",,,,,,,,,,,,"04u21","01u40","4512"
"35/0","VHO+4112","LED","00u30","18u41","19u11","4504","4504U1841",,,,"standaard","Garage Van Hoorebeke","VHO276","Brugge Station","BGGstn",17,"04u21","01u40","4512"
"35/0","VHO+4112","RIT","00u46","19u11","19u57","4504","4504U1841","50","02","840","standaard","Brugge Station","BGGstn","Eeklo Station","EEKstn",28.903,"04u21","01u40","4512"
"35/0","VHO+4112","STA","00u02","19u57","19u59",,,,,,,,,,,,"04u21","01u40","4512"
"35/0","VHO+4112","RIT","00u37","19u59","20u36","4504","4504U1841","50","04b","842","standaard","Eeklo Station","EEKstn","Gent Sint-Pietersstation","GNTs2a",22.452,"04u21","01u40","4512"
"35/0","VHO+4112","STA","00u42","20u36","21u18",,,,,,,,,,,,"04u21","01u40","4512"
"35/0","VHO+4112","RIT","00u35","21u18","21u53","4504","4504U1841","50","01a","901","standaard","Gent Sint Pietersstation","GNTs1a","Eeklo Station","EEKstn",22.447,"04u21","01u40","4512"
"35/0","VHO+4112","STA","00u02","21u53","21u55",,,,,,,,,,,,"04u21","01u40","4512"
"35/0","VHO+4112","RIT","00u47","21u55","22u42","4504","4504U1841","50","03","903","standaard","Eeklo Station","EEKstn","Brugge Station","BGGstn",28.596,"04u21","01u40","4512"
"35/0","VHO+4112","STA","00u05","22u42","22u47",,,,,,,,,,,,"04u21","01u40","4512"
"35/0","VHO+4112","RIT","00u44","22u47","23u31","4504","4504U1841","50","02","920","standaard","Brugge Station","BGGstn","Eeklo Station","EEKstn",28.903,"04u21","01u40","4512"
"21/0","VHO+2114","RIT","01u18","16u30","17u48","4511","4511U1628","871","01","91","standaard","Maldegem Markt","MDGmkt","Deinze Station","DEIstn",35.519,"01u56","01u06","2114"
"21/0","VHO+2114","LED","00u42","17u48","18u30","4511","4511U1628",,,,"standaard","Deinze Station","DEIstn","Garage Van Hoorebeke","VHO276",29.849,"01u56","01u06","2114"
"21/0","VHO+2114","ANA","00u10","18u30","18u40",,,,,,,,,,,,"01u56","01u06","2114"
"21/0","VHO+2113","AVO","00u05","07u16","07u21",,,,,,,,,,,,"04u00","01u55","2113"
"21/0","VHO+2113","LED","00u05","07u21","07u26","4607","4607U0721",,,,"geleed","Garage Van Hoorebeke","VHO276","Maldegem Markt","MDGmk2",3.502,"04u00","01u55","2113"
"21/0","VHO+2113","RIT","00u34","07u26","08u00","4607","4607U0721","50","10","160","geleed","Maldegem Markt","MDGmk2","Eeklo Watertoren","EEKwat",15.37,"04u00","01u55","2113"
"21/0","VHO+2113","LED","00u15","08u00","08u15","4607","4607U0721",,,,"geleed","Eeklo Watertoren","EEKwat","Garage Van Hoorebeke","VHO276",9.647,"04u00","01u55","2113"
"35/0","VHO+4112","LED","00u40","23u31","24u11","4504","4504U1841",,,,"standaard","Eeklo Station","EEKstn","Brugge Station","BGGstn",27.352,"04u21","01u40","4512"
"35/0","VHO+4112","STA","00u31","24u11","24u42",,,,,,,,,,,,"04u21","01u40","4512"
"35/0","VHO+4112","RIT","00u25","24u42","25u07","4504","4504U1841","50","02a","960","standaard","Brugge Station","BGGstn","Maldegem Station","MDGstn",17.864,"04u21","01u40","4512"
"35/0","VHO+4112","STA","00u06","25u07","25u13",,,,,,,,,,,,"04u21","01u40","4512"
"35/0","VHO+4112","RIT","00u27","25u13","25u40","4504","4504U1841","50","03a","1001","standaard","Maldegem Station","MDGstn","Brugge Station","BGGstn",17.918,"04u21","01u40","4512"
"35/0","VHO+4112","LED","00u30","25u40","26u10","4504","4504U1841",,,,"standaard","Brugge Station","BGGstn","Garage Van Hoorebeke","VHO276",17,"04u21","01u40","4512"
"35/0","VHO+4112","ANA","00u10","26u10","26u20",,,,,,,,,,,,"04u21","01u40","4512"
"35/0","VHO+4111","AVO","00u05","17u18","17u23",,,,,,,,,,,,"04u57","01u27","4511"
"35/0","VHO+4111","LED","00u14","17u23","17u37","4503","4503U1723",,,,"standaard","Garage Van Hoorebeke","VHO276","Eeklo Station","EEKstn",9.673,"04u57","01u27","4511"
"35/0","VHO+4111","RIT","00u40","17u37","18u17","4503","4503U1723","50","04b","692","standaard","Eeklo Station","EEKstn","Gent Sint-Pietersstation","GNTs2a",22.452,"04u57","01u27","4511"
"35/0","VHO+4111","STA","00u40","18u17","18u57",,,,,,,,,,,,"04u57","01u27","4511"
"35/0","VHO+4111","RIT","00u59","18u57","19u56","4503","4503U1723","50","07","811","standaard","Gent Sint Pietersstation","GNTs1a","Maldegem Markt","MDGmkt",33.707,"04u57","01u27","4511"
"35/0","VHO+4111","LED","00u26","19u56","20u22","4503","4503U1723",,,,"standaard","Maldegem Markt","MDGmkt","Brugge Station","BGGstn",17.547,"04u57","01u27","4511"
"35/0","VHO+4111","STA","00u20","20u22","20u42",,,,,,,,,,,,"04u57","01u27","4511"
"35/0","VHO+4111","RIT","00u44","20u42","21u26","4503","4503U1723","50","02","880","standaard","Brugge Station","BGGstn","Eeklo Station","EEKstn",28.903,"04u57","01u27","4511"
"35/0","VHO+4111","STA","00u02","21u26","21u28",,,,,,,,,,,,"04u57","01u27","4511"
"35/0","VHO+4111","RIT","00u36","21u28","22u04","4503","4503U1723","50","04b","882","standaard","Eeklo Station","EEKstn","Gent Sint-Pietersstation","GNTs2a",22.452,"04u57","01u27","4511"
"35/0","VHO+4111","STA","01u14","22u04","23u18",,,,,,,,,,,,"04u57","01u27","4511"
"35/0","VHO+4111","RIT","00u59","23u18","24u17","4503","4503U1723","50","07","941","standaard","Gent Sint Pietersstation","GNTs1a","Maldegem Markt","MDGmkt",33.707,"04u57","01u27","4511"
"35/0","VHO+4111","LED","00u45","24u17","25u02","4503","4503U1723",,,,"standaard","Maldegem Markt","MDGmkt","Gent Sint Pietersstation","GNTs1a",47.989,"04u57","01u27","4511"
"35/0","VHO+4111","STA","00u16","25u02","25u18",,,,,,,,,,,,"04u57","01u27","4511"
"35/0","VHO+4111","RIT","00u59","25u18","26u17","4503","4503U1723","50","07","991","standaard","Gent Sint Pietersstation","GNTs1a","Maldegem Markt","MDGmkt",33.707,"04u57","01u27","4511"
"35/0","VHO+4111","LED","00u02","26u17","26u19","4503","4503U1723",,,,"standaard","Maldegem Markt","MDGmkt","Garage Van Hoorebeke","VHO276",0.414,"04u57","01u27","4511"
"35/0","VHO+4111","ANA","00u10","26u19","26u29",,,,,,,,,,,,"04u57","01u27","4511"
"21/0","VHO+2106","LED","00u11","09u05","09u16","4603","4603U0628",,,,"geleed","Zwijnaarde TP Civiele Techniek","ZWNtpc","Gent Sint Pietersstation","GNTs1a",3.759,"04u01","00u44","2106"
"21/0","VHO+2106","STA","01u02","09u16","10u18",,,,,,,,,,,,"04u01","00u44","2106"
"21/0","VHO+2106","RIT","00u40","10u18","10u58","4603","4603U0628","50","01a","351","geleed","Gent Sint Pietersstation","GNTs1a","Eeklo Station","EEKstn",22.447,"04u01","00u44","2106"
"21/0","VHO+2106","STA","00u02","10u58","11u00",,,,,,,,,,,,"04u01","00u44","2106"
"21/0","VHO+2106","RIT","00u54","11u00","11u54","4603","4603U0628","50","03","353","geleed","Eeklo Station","EEKstn","Brugge Station","BGGstn",28.597,"04u01","00u44","2106"
"21/0","VHO+2106","LED","00u30","11u54","12u24","4603","4603U0628",,,,"geleed","Brugge Station","BGGstn","Garage Van Hoorebeke","VHO276",17,"04u01","00u44","2106"
"21/0","VHO+2106","ANA","00u10","12u24","12u34",,,,,,,,,,,,"04u01","00u44","2106"
"21/0","VHO+2105","AVO","00u05","05u56","06u01",,,,,,,,,,,,"03u37","02u29","2105"
"21/0","VHO+2105","LED","00u41","06u01","06u42","4602","4602U0601",,,,"geleed","Garage Van Hoorebeke","VHO276","Gent Sint Pietersstation","GNTs1a",30.075,"03u37","02u29","2105"
"21/0","VHO+2105","RIT","00u36","06u42","07u18","4602","4602U0601","50","01a","91","geleed","Gent Sint Pietersstation","GNTs1a","Eeklo Station","EEKstn",22.447,"03u37","02u29","2105"
"21/0","VHO+2105","STA","00u02","07u18","07u20",,,,,,,,,,,,"03u37","02u29","2105"
"21/0","VHO+2105","RIT","01u03","07u20","08u23","4602","4602U0601","50","03","93","geleed","Eeklo Station","EEKstn","Brugge Station","BGGstn",28.597,"03u37","02u29","2105"
"21/0","VHO+2105","LED","00u30","08u23","08u53","4602","4602U0601",,,,"geleed","Brugge Station","BGGstn","Garage Van Hoorebeke","VHO276",17,"03u37","02u29","2105"
"21/0","VHO+2105","ONE","06u28","08u53","15u21",,,,,,,,,,,,"03u37","02u29","2105"
"21/0","VHO+2105","ATU","00u15","15u21","15u36",,,,,,,,,,,,"03u37","02u29","2105"
"21/0","VHO+2105","LED","00u48","15u36","16u24","4613","4613U1536",,,,"geleed","Garage Van Hoorebeke","VHO276","Zwijnaarde TP Civiele Techniek","ZWNtpc",38,"03u37","02u29","2105"
"21/0","VHO+2105","RIT","00u59","16u24","17u23","4613","4613U1536","50","01","781","geleed","Zwijnaarde TP Civiele Techniek","ZWNtpc","Eeklo Station","EEKstn",26.742,"03u37","02u29","2105"
"21/0","VHO+2105","STA","00u02","17u23","17u25",,,,,,,,,,,,"03u37","02u29","2105"
"21/0","VHO+2105","RIT","00u59","17u25","18u24","4613","4613U1536","50","03","783","geleed","Eeklo Station","EEKstn","Brugge Station","BGGstn",28.597,"03u37","02u29","2105"
"21/0","VHO+2105","LED","00u30","18u24","18u54","4613","4613U1536",,,,"geleed","Brugge Station","BGGstn","Garage Van Hoorebeke","VHO276",17,"03u37","02u29","2105"
"21/0","VHO+2105","ANA","00u10","18u54","19u04",,,,,,,,,,,,"03u37","02u29","2105"
"21/0","VHO+2104","AVO","00u05","05u54","05u59",,,,,,,,,,,,"03u28","02u02","2104"
"21/0","VHO+2104","LED","00u41","05u59","06u40","4601","4601U0559",,,,"geleed","Garage Van Hoorebeke","VHO276","Gent Sint Pietersstation","GNTs1a",30.075,"03u28","02u02","2104"
"21/0","VHO+2104","RIT","00u32","06u40","07u12","4601","4601U0559","801","01a","11","geleed","Gent Sint Pietersstation","GNTs1a","Nevele Stelplaats","NEVstl",16.053,"03u28","02u02","2104"
"21/0","VHO+2104","LED","00u06","07u12","07u18",,"4601U0559",,,,"geleed","Nevele Stelplaats","NEVstl","Lotenhulle Guldensporenplein","LOHgul",6.195,"03u28","02u02","2104"
"21/0","VHO+2104","STA","00u15","07u18","07u33",,,,,,,,,,,,"03u28","02u02","2104"
"21/0","VHO+2104","RIT","00u34","07u33","08u07",,"4601U0559","883","01","31","geleed","Lotenhulle Guldensporenplein","LOHgul","Tielt Station","TLTstn",17.804,"03u28","02u02","2104"
"21/0","VHO+2104","LED","00u35","08u07","08u42",,"4601U0559",,,,"geleed","Tielt Station","TLTstn","Garage Van Hoorebeke","VHO276",31,"03u28","02u02","2104"
"21/0","VHO+2104","ONE","06u08","08u42","14u50",,,,,,,,,,,,"03u28","02u02","2104"
"21/0","VHO+2104","ATU","00u15","14u50","15u05",,,,,,,,,,,,"03u28","02u02","2104"
"21/0","VHO+2104","LED","00u20","15u05","15u25","4509","4509U1505",,,,"standaard","Garage Van Hoorebeke","VHO276","Aalter Station","AATstn",14.782,"03u28","02u02","2104"
"21/0","VHO+2104","RIT","00u36","15u25","16u01","4509","4509U1505","884","01","111","standaard","Aalter Station","AATstn","Tielt Station","TLTstn",18.386,"03u28","02u02","2104"
"21/0","VHO+2104","STA","00u38","16u01","16u39",,,,,,,,,,,,"03u28","02u02","2104"
"21/0","VHO+2104","RIT","00u36","16u39","17u15","4509","4509U1505","884","02","130","standaard","Tielt Station","TLTstn","Aalter Station","AATstn",17.861,"03u28","02u02","2104"
"21/0","VHO+2104","STA","00u10","17u15","17u25",,,,,,,,,,,,"03u28","02u02","2104"
"21/0","VHO+2104","RIT","00u36","17u25","18u01","4509","4509U1505","884","01","141","standaard","Aalter Station","AATstn","Tielt Station","TLTstn",18.386,"03u28","02u02","2104"
"21/0","VHO+2104","STA","00u40","18u01","18u41",,,,,,,,,,,,"03u28","02u02","2104"
"21/0","VHO+2104","RIT","00u34","18u41","19u15","4509","4509U1505","884","02","170","standaard","Tielt Station","TLTstn","Aalter Station","AATstn",17.861,"03u28","02u02","2104"
"21/0","VHO+2104","LED","00u20","19u15","19u35","4509","4509U1505",,,,"standaard","Aalter Station","AATstn","Garage Van Hoorebeke","VHO276",14.096,"03u28","02u02","2104"
"21/0","VHO+2104","ANA","00u10","19u35","19u45",,,,,,,,,,,,"03u28","02u02","2104"
"21/0","VHO+2103","AVO","00u05","05u03","05u08",,,,,,,,,,,,"06u16","01u00","2103"
"21/0","VHO+2103","LED","00u30","05u08","05u38","4501","4501U0508",,,,"standaard","Garage Van Hoorebeke","VHO276","Brugge Station","BGGstn",17,"06u16","01u00","2103"
"21/0","VHO+2103","RIT","00u46","05u38","06u24","4501","4501U0508","50","02","30","standaard","Brugge Station","BGGstn","Eeklo Station","EEKstn",28.902,"06u16","01u00","2103"
"21/0","VHO+2103","STA","00u02","06u24","06u26",,,,,,,,,,,,"06u16","01u00","2103"
"21/0","VHO+2103","RIT","00u39","06u26","07u05","4501","4501U0508","50","04b","32","standaard","Eeklo Station","EEKstn","Gent Sint-Pietersstation","GNTs2a",22.451,"06u16","01u00","2103"
"21/0","VHO+2103","STA","00u09","07u05","07u14",,,,,,,,,,,,"06u16","01u00","2103"
"21/0","VHO+2103","RIT","00u43","07u14","07u57","4501","4501U0508","50","01a","151","standaard","Gent Sint Pietersstation","GNTs1a","Eeklo Station","EEKstn",22.447,"06u16","01u00","2103"
"21/0","VHO+2103","STA","00u02","07u57","07u59",,,,,,,,,,,,"06u16","01u00","2103"
"21/0","VHO+2103","RIT","01u01","07u59","09u00","4501","4501U0508","50","03","153","standaard","Eeklo Station","EEKstn","Brugge Station","BGGstn",28.597,"06u16","01u00","2103"
"21/0","VHO+2103","STA","00u41","09u00","09u41",,,,,,,,,,,,"06u16","01u00","2103"
"21/0","VHO+2103","RIT","00u53","09u41","10u34","4501","4501U0508","50","02","290","standaard","Brugge Station","BGGstn","Eeklo Station","EEKstn",28.902,"06u16","01u00","2103"
"21/0","VHO+2103","STA","00u02","10u34","10u36",,,,,,,,,,,,"06u16","01u00","2103"
"21/0","VHO+2103","RIT","00u40","10u36","11u16","4501","4501U0508","50","04b","292","standaard","Eeklo Station","EEKstn","Gent Sint-Pietersstation","GNTs2a",22.451,"06u16","01u00","2103"
"21/0","VHO+2103","STA","00u32","11u16","11u48",,,,,,,,,,,,"06u16","01u00","2103"
"21/0","VHO+2103","RIT","00u40","11u48","12u28","4501","4501U0508","50","01a","441","standaard","Gent Sint Pietersstation","GNTs1a","Eeklo Station","EEKstn",22.447,"06u16","01u00","2103"
"21/0","VHO+2103","STA","00u02","12u28","12u30",,,,,,,,,,,,"06u16","01u00","2103"
"21/0","VHO+2103","RIT","00u54","12u30","13u24","4501","4501U0508","50","03","443","standaard","Eeklo Station","EEKstn","Brugge Station","BGGstn",28.597,"06u16","01u00","2103"
"21/0","VHO+2103","LED","00u30","13u24","13u54","4501","4501U0508",,,,"standaard","Brugge Station","BGGstn","Garage Van Hoorebeke","VHO276",17,"06u16","01u00","2103"
"21/0","VHO+2103","ANA","00u10","13u54","14u04",,,,,,,,,,,,"06u16","01u00","2103"
"21/0","VHO+2102","AVO","00u05","05u01","05u06",,,,,,,,,,,,"05u18","01u07","2102"
"21/0","VHO+2102","LED","00u05","05u06","05u11","4600","4600U0506",,,,"geleed","Garage Van Hoorebeke","VHO276","Maldegem Markt","MDGmk2",3.502,"05u18","01u07","2102"
"21/0","VHO+2102","RIT","00u58","05u11","06u09","4600","4600U0506","50","06","20","geleed","Maldegem Markt","MDGmk2","Gent Sint-Pietersstation","GNTs2a",34.108,"05u18","01u07","2102"
"21/0","VHO+2102","STA","00u11","06u09","06u20",,,,,,,,,,,,"05u18","01u07","2102"
"21/0","VHO+2102","RIT","00u36","06u20","06u56","4600","4600U0506","50","01a","61","geleed","Gent Sint Pietersstation","GNTs1a","Eeklo Station","EEKstn",22.447,"05u18","01u07","2102"
"21/0","VHO+2102","STA","00u02","06u56","06u58",,,,,,,,,,,,"05u18","01u07","2102"
"21/0","VHO+2102","RIT","00u59","06u58","07u57","4600","4600U0506","50","03","63","geleed","Eeklo Station","EEKstn","Brugge Station","BGGstn",28.597,"05u18","01u07","2102"
"21/0","VHO+2102","LED","00u30","07u57","08u27","4600","4600U0506",,,,"geleed","Brugge Station","BGGstn","Garage Van Hoorebeke","VHO276",17,"05u18","01u07","2102"
"21/0","VHO+2102","ONE","07u24","08u27","15u51",,,,,,,,,,,,"05u18","01u07","2102"
"21/0","VHO+2102","ATU","00u15","15u51","16u06",,,,,,,,,,,,"05u18","01u07","2102"
"21/0","VHO+2102","LED","00u30","16u06","16u36","4615","4615U1606",,,,"geleed","Garage Van Hoorebeke","VHO276","Brugge Station","BGGstn",17,"05u18","01u07","2102"
"21/0","VHO+2102","RIT","01u02","16u36","17u38","4615","4615U1606","50","02","790","geleed","Brugge Station","BGGstn","Eeklo Station","EEKstn",28.902,"05u18","01u07","2102"
"21/0","VHO+2102","STA","00u02","17u38","17u40",,,,,,,,,,,,"05u18","01u07","2102"
"21/0","VHO+2102","RIT","00u43","17u40","18u23","4615","4615U1606","50","04b","792","geleed","Eeklo Station","EEKstn","Gent Sint-Pietersstation","GNTs2a",22.451,"05u18","01u07","2102"
"21/0","VHO+2102","STA","00u31","18u23","18u54",,,,,,,,,,,,"05u18","01u07","2102"
"21/0","VHO+2102","RIT","01u00","18u54","19u54","4615","4615U1606","50","07","961","geleed","Gent Sint Pietersstation","GNTs1a","Maldegem Markt","MDGmkt",33.707,"05u18","01u07","2102"
"21/0","VHO+2102","LED","00u02","19u54","19u56","4615","4615U1606",,,,"geleed","Maldegem Markt","MDGmkt","Garage Van Hoorebeke","VHO276",0.414,"05u18","01u07","2102"
"21/0","VHO+2102","ANA","00u10","19u56","20u06",,,,,,,,,,,,"05u18","01u07","2102"
"21/0","VHO+2101","AVO","00u05","04u31","04u36",,,,,,,,,,,,"04u42","01u51","2101"
"21/0","VHO+2101","LED","00u05","04u36","04u41","4500","4500U0436",,,,"standaard","Garage Van Hoorebeke","VHO276","Maldegem Markt","MDGmk2",3.502,"04u42","01u51","2101"
"21/0","VHO+2101","RIT","00u58","04u41","05u39","4500","4500U0436","50","06","10","standaard","Maldegem Markt","MDGmk2","Gent Sint-Pietersstation","GNTs2a",34.108,"04u42","01u51","2101"
"21/0","VHO+2101","STA","00u14","05u39","05u53",,,,,,,,,,,,"04u42","01u51","2101"
"21/0","VHO+2101","RIT","00u35","05u53","06u28","4500","4500U0436","50","01a","41","standaard","Gent Sint Pietersstation","GNTs1a","Eeklo Station","EEKstn",22.447,"04u42","01u51","2101"
"21/0","VHO+2101","STA","00u02","06u28","06u30",,,,,,,,,,,,"04u42","01u51","2101"
"21/0","VHO+2101","RIT","00u52","06u30","07u22","4500","4500U0436","50","03","43","standaard","Eeklo Station","EEKstn","Brugge Station","BGGstn",28.597,"04u42","01u51","2101"
"21/0","VHO+2101","LED","00u30","07u22","07u52","4500","4500U0436",,,,"standaard","Brugge Station","BGGstn","Garage Van Hoorebeke","VHO276",17,"04u42","01u51","2101"
"21/0","VHO+2101","ONE","05u32","07u52","13u24",,,,,,,,,,,,"04u42","01u51","2101"
"21/0","VHO+2101","ATU","00u15","13u24","13u39",,,,,,,,,,,,"04u42","01u51","2101"
"21/0","VHO+2101","LED","00u30","13u39","14u09","4611","4611U1339",,,,"geleed","Garage Van Hoorebeke","VHO276","Brugge Station","BGGstn",17,"04u42","01u51","2101"
"21/0","VHO+2101","RIT","00u53","14u09","15u02","4611","4611U1339","50","02","610","geleed","Brugge Station","BGGstn","Eeklo Station","EEKstn",28.902,"04u42","01u51","2101"
"21/0","VHO+2101","STA","00u02","15u02","15u04",,,,,,,,,,,,"04u42","01u51","2101"
"21/0","VHO+2101","RIT","00u40","15u04","15u44","4611","4611U1339","50","04b","612","geleed","Eeklo Station","EEKstn","Gent Sint-Pietersstation","GNTs2a",22.451,"04u42","01u51","2101"
"21/0","VHO+2101","LED","00u21","15u44","16u05","4611","4611U1339",,,,"geleed","Gent Sint-Pietersstation","GNTs2a","Deinze Station","DEIstn",15.744,"04u42","01u51","2101"
"21/0","VHO+2101","STA","00u15","16u05","16u20",,,,,,,,,,,,"04u42","01u51","2101"
"21/0","VHO+2101","RIT","00u44","16u20","17u04","4611","4611U1339","858","01","31","geleed","Deinze Station","DEIstn","Bellem Moerstraat","BLMmst",23.662,"04u42","01u51","2101"
"21/0","VHO+2101","LED","00u25","17u04","17u29","4611","4611U1339",,,,"geleed","Bellem Moerstraat","BLMmst","Garage Van Hoorebeke","VHO276",17.12,"04u42","01u51","2101"
"21/0","VHO+2101","ANA","00u10","17u29","17u39",,,,,,,,,,,,"04u42","01u51","2101"
"21/0",,"STA","00u21","16u34","16u55",,,,,,,,,,,,"05u41","01u07","7216"
"21/0",,"RIT","00u35","16u55","17u30","4614","4614U1556","50","02a","810","geleed","Brugge Station",,"Maldegem Station",,17.863,"05u41","01u07","7216"
"21/0",,"LED","00u25","17u30","17u55","4614","4614U1556",,,,"geleed","Maldegem Station",,"Brugge Station",,18.245,"05u41","01u07","7216"
"21/0",,"STA","00u46","17u55","18u41",,,,,,,,,,,,"05u41","01u07","7216"
"21/0",,"RIT","00u51","18u41","19u32","4614","4614U1556","50","02","960","geleed","Brugge Station",,"Eeklo Station",,28.902,"05u41","01u07","7216"
"21/0",,"STA","00u02","19u32","19u34",,,,,,,,,,,,"05u41","01u07","7216"
"21/0",,"RIT","00u36","19u34","20u10","4614","4614U1556","50","04b","962","geleed","Eeklo Station",,"Gent Sint-Pietersstation",,22.451,"05u41","01u07","7216"
"21/0",,"STA","01u13","20u10","21u23",,,,,,,,,,,,"05u41","01u07","7216"
"21/0",,"RIT","00u35","21u23","21u58","4614","4614U1556","50","01a","1041","geleed","Gent Sint Pietersstation",,"Eeklo Station",,22.447,"05u41","01u07","7216"
"21/0",,"STA","00u02","21u58","22u00",,,,,,,,,,,,"05u41","01u07","7216"
"21/0",,"RIT","00u46","22u00","22u46","4614","4614U1556","50","03","1043","geleed","Eeklo Station",,"Brugge Station",,28.597,"05u41","01u07","7216"
"21/0",,"STA","00u06","22u46","22u52",,,,,,,,,,,,"05u41","01u07","7216"
"21/0",,"RIT","00u45","22u52","23u37","4614","4614U1556","50","02","1060","geleed","Brugge Station",,"Eeklo Station",,28.902,"05u41","01u07","7216"
"21/0",,"LED","00u37","23u37","24u14","4614","4614U1556",,,,"geleed","Eeklo Station",,"Gent Sint Pietersstation",,20.518,"05u41","01u07","7216"
"21/0",,"STA","00u06","24u14","24u20",,,,,,,,,,,,"05u41","01u07","7216"
"21/0",,"RIT","00u58","24u20","25u18","4614","4614U1556","50","07","1111","geleed","Gent Sint Pietersstation",,"Maldegem Markt",,33.707,"05u41","01u07","7216"
"21/0",,"LED","00u02","25u18","25u20","4614","4614U1556",,,,"geleed","Maldegem Markt",,"Garage Van Hoorebeke",,0.414,"05u41","01u07","7216"
"21/0",,"ANA","00u10","25u20","25u30",,,,,,,,,,,,"05u41","01u07","7216"
"21/0",,"LED","00u05","14u55","15u00","Diesel",,,,,,"Garage Van Hoorebeke",,"Maldegem Markt",,,,,"7216"
"21/0",,"RIT","00u10","15u00","15u10",,,,,,,"Maldegem Markt",,"schstro",,,,,"7216"
"21/0",,"RIT","00u15","15u10","15u25",,,,,,,"schstro",,"schvos",,,,,"7216"
"21/0",,"LED","00u10","15u25","15u35",,,,,,,"schvos",,"Garage Van Hoorebeke",,,,,"7216"
"21/0",,"STA","00u21","15u35","15u56",,,,,,,,,,,,,,"7216"
"21/0",,"ANW","00u24","08u01","08u25",,,,,,,,,,,,"04u09","01u44","2110"
"21/0",,"ANW","00u36","08u15","08u51",,,,,,,,,,,,"04u00","01u55","2113"
"21/0",,"ANW","00u30","08u22","08u52",,,,,,,,,,,,"01u56","01u06","2114"
"21/0",,"ANW","06u24","08u34","08u38",,,,,,,,,,,,"04u29","02u16","2115"
"22/0",,"ANW","00u30","08u22","08u52",,,,,,,,,,,,"02u15","01u33","2214"
"23/0",,"ANW","00u24","08u01","08u25",,,,,,,,,,,,"05u43","01u55","2311"
